0, 0, 11, 1, 65, 77.4639835186
0, 1, 91, 1, 65, 77.4639835186
0, 2, 160, 11, 65, 77.4639835186
0, 3, 10, 84, 65, 77.4639835186
0, 4, 90, 84, 65, 77.4639835186
0, 5, 171, 78, 65, 77.4639835186
1, 0, 16, 13, 70, 83.4227514816
1, 1, 109, 5, 70, 83.4227514816
1, 2, 171, 22, 70, 83.4227514816
1, 3, 25, 94, 70, 83.4227514816
1, 4, 105, 95, 70, 83.4227514816
1, 5, 187, 84, 70, 83.4227514816
2, 0, 13, 32, 75, 89.3815194446
2, 1, 122, 17, 75, 89.3815194446
2, 2, 187, 31, 75, 89.3815194446
2, 3, 31, 110, 75, 89.3815194446
2, 4, 119, 107, 75, 89.3815194446
2, 5, 204, 90, 75, 89.3815194446
3, 0, 24, 37, 80, 95.3402874075
3, 1, 137, 19, 80, 95.3402874075
3, 2, 204, 34, 80, 95.3402874075
3, 3, 23, 126, 80, 95.3402874075
3, 4, 131, 121, 80, 95.3402874075
3, 5, 219, 99, 80, 95.3402874075
4, 0, 40, 42, 85, 101.299055371
4, 1, 151, 25, 85, 101.299055371
4, 2, 223, 31, 85, 101.299055371
4, 3, 16, 143, 85, 101.299055371
4, 4, 129, 137, 85, 101.299055371
4, 5, 230, 114, 85, 101.299055371
5, 0, 47, 58, 90, 107.257823333
5, 1, 167, 33, 90, 107.257823333
5, 2, 241, 34, 90, 107.257823333
5, 3, 13, 162, 90, 107.257823333
5, 4, 129, 154, 90, 107.257823333
5, 5, 244, 126, 90, 107.257823333
6, 0, 45, 77, 95, 113.216591296
6, 1, 184, 39, 95, 113.216591296
6, 2, 257, 43, 95, 113.216591296
6, 3, 8, 181, 95, 113.216591296
6, 4, 132, 172, 95, 113.216591296
6, 5, 256, 139, 95, 113.216591296
7, 0, 38, 95, 100, 119.175359259
7, 1, 180, 38, 100, 119.175359259
7, 2, 270, 56, 100, 119.175359259
7, 3, 11, 198, 100, 119.175359259
7, 4, 140, 187, 100, 119.175359259
7, 5, 269, 152, 100, 119.175359259
8, 0, 32, 113, 105, 125.134127222
8, 1, 181, 43, 105, 125.134127222
8, 2, 279, 72, 105, 125.134127222
8, 3, 15, 215, 105, 125.134127222
8, 4, 154, 200, 105, 125.134127222
8, 5, 286, 155, 105, 125.134127222
9, 0, 36, 130, 110, 131.092895185
9, 1, 176, 43, 110, 131.092895185
9, 2, 292, 84, 110, 131.092895185
9, 3, 9, 232, 110, 131.092895185
9, 4, 163, 217, 110, 131.092895185
9, 5, 305, 155, 110, 131.092895185
10, 0, 38, 148, 115, 137.051663148
10, 1, 179, 44, 115, 137.051663148
10, 2, 310, 90, 115, 137.051663148
10, 3, 8, 249, 115, 137.051663148
10, 4, 168, 236, 115, 137.051663148
10, 5, 324, 157, 115, 137.051663148
11, 0, 36, 167, 120, 143.010431111
11, 1, 197, 44, 116, 138.243416741
11, 2, 328, 96, 120, 143.010431111
11, 3, 18, 264, 120, 143.010431111
11, 4, 180, 249, 120, 143.010431111
11, 5, 343, 155, 120, 143.010431111
12, 0, 36, 186, 125, 148.969199074
12, 1, 216, 41, 116, 138.243416741
12, 2, 341, 108, 125, 148.969199074
12, 3, 32, 276, 125, 148.969199074
12, 4, 189, 264, 125, 148.969199074
12, 5, 360, 158, 125, 148.969199074
13, 0, 42, 203, 130, 154.927967037
13, 1, 235, 40, 116, 138.243416741
13, 2, 353, 122, 128, 152.544459852
13, 3, 41, 269, 130, 154.927967037
13, 4, 197, 280, 130, 154.927967037
13, 5, 375, 169, 130, 154.927967037
14, 0, 46, 198, 135, 160.886735
14, 1, 253, 43, 116, 138.243416741
14, 2, 365, 136, 127, 151.352706259
14, 3, 51, 269, 135, 160.886735
14, 4, 210, 293, 135, 160.886735
14, 5, 387, 183, 132, 157.311474222
15, 0, 44, 179, 137, 163.270242185
15, 1, 271, 45, 116, 138.243416741
15, 2, 376, 151, 127, 151.352706259
15, 3, 65, 282, 140, 166.845502963
15, 4, 223, 306, 140, 166.845502963
15, 5, 380, 187, 137, 163.270242185
16, 0, 52, 178, 132, 157.311474222
16, 1, 267, 45, 121, 144.202184704
16, 2, 391, 161, 130, 154.927967037
16, 3, 74, 298, 143, 170.420763741
16, 4, 231, 323, 145, 172.804270926
16, 5, 377, 196, 136, 162.078488593
17, 0, 54, 171, 136, 162.078488593
17, 1, 270, 45, 116, 138.243416741
17, 2, 404, 173, 128, 152.544459852
17, 3, 76, 316, 148, 176.379531704
17, 4, 231, 342, 150, 178.763038889
17, 5, 391, 201, 137, 163.270242185
18, 0, 48, 152, 132, 157.311474222
18, 1, 286, 52, 117, 139.435170334
18, 2, 419, 180, 131, 156.11972063
18, 3, 80, 333, 148, 176.379531704
18, 4, 229, 361, 151, 179.954792482
18, 5, 410, 197, 132, 157.311474222
19, 0, 43, 133, 129, 153.736213445
19, 1, 303, 53, 117, 139.435170334
19, 2, 438, 177, 127, 151.352706259
19, 3, 77, 350, 153, 182.338299667
19, 4, 232, 379, 154, 183.53005326
19, 5, 429, 192, 128, 152.544459852
20, 0, 35, 115, 124, 147.777445482
20, 1, 322, 50, 115, 137.051663148
20, 2, 457, 178, 122, 145.393938296
20, 3, 71, 368, 151, 179.954792482
20, 4, 236, 397, 154, 183.53005326
20, 5, 448, 190, 125, 148.969199074
21, 0, 35, 97, 122, 145.393938296
21, 1, 341, 50, 114, 135.859909556
21, 2, 474, 174, 121, 144.202184704
21, 3, 69, 387, 151, 179.954792482
21, 4, 241, 415, 153, 182.338299667
21, 5, 444, 193, 130, 154.927967037
22, 0, 46, 81, 121, 144.202184704
22, 1, 360, 50, 113, 134.668155963
22, 2, 491, 168, 117, 139.435170334
22, 3, 70, 406, 150, 178.763038889
22, 4, 254, 425, 158, 188.29706763
22, 5, 444, 203, 130, 154.927967037
23, 0, 57, 65, 118, 140.626923926
23, 1, 357, 55, 118, 140.626923926
23, 2, 506, 175, 117, 139.435170334
23, 3, 70, 425, 151, 179.954792482
23, 4, 261, 438, 153, 182.338299667
23, 5, 456, 217, 127, 151.352706259
24, 0, 68, 68, 114, 135.859909556
24, 1, 361, 59, 114, 135.859909556
24, 2, 519, 188, 116, 138.243416741
24, 3, 70, 444, 151, 179.954792482
24, 4, 267, 455, 152, 181.146546074
24, 5, 471, 226, 127, 151.352706259
25, 0, 73, 63, 116, 138.243416741
25, 1, 357, 58, 119, 141.818677519
25, 2, 533, 201, 114, 135.859909556
25, 3, 68, 440, 156, 185.913560445
25, 4, 279, 470, 152, 181.146546074
25, 5, 488, 233, 125, 148.969199074
26, 0, 72, 44, 111, 132.284648778
26, 1, 338, 56, 122, 145.393938296
26, 2, 550, 208, 112, 133.476402371
26, 3, 65, 421, 161, 191.872328408
26, 4, 296, 478, 150, 178.763038889
26, 5, 500, 246, 124, 147.777445482
27, 0, 60, 40, 113, 134.668155963
27, 1, 341, 59, 117, 139.435170334
27, 2, 569, 209, 109, 129.901141593
27, 3, 67, 424, 156, 185.913560445
27, 4, 309, 490, 150, 178.763038889
27, 5, 514, 257, 121, 144.202184704
28, 0, 46, 53, 115, 137.051663148
28, 1, 359, 60, 115, 137.051663148
28, 2, 585, 216, 108, 128.709388
28, 3, 73, 442, 152, 181.146546074
28, 4, 316, 508, 149, 177.571285297
28, 5, 526, 270, 122, 145.393938296
29, 0, 46, 70, 118, 140.626923926
29, 1, 360, 68, 120, 143.010431111
29, 2, 602, 221, 105, 125.134127222
29, 3, 76, 460, 152, 181.146546074
29, 4, 327, 522, 144, 171.612517334
29, 5, 519, 280, 127, 151.352706259
30, 0, 60, 76, 116, 138.243416741
30, 1, 367, 73, 117, 139.435170334
30, 2, 621, 218, 102, 121.558866445
30, 3, 76, 479, 151, 179.954792482
30, 4, 337, 537, 144, 171.612517334
30, 5, 523, 283, 123, 146.585691889
31, 0, 78, 79, 119, 141.818677519
31, 1, 386, 70, 114, 135.859909556
31, 2, 640, 214, 99, 117.983605667
31, 3, 84, 494, 153, 182.338299667
31, 4, 346, 553, 141, 168.037256556
31, 5, 536, 294, 122, 145.393938296
32, 0, 91, 72, 122, 145.393938296
32, 1, 382, 66, 119, 141.818677519
32, 2, 659, 209, 94, 112.024837704
32, 3, 90, 510, 150, 178.763038889
32, 4, 355, 569, 136, 162.078488593
32, 5, 544, 311, 120, 143.010431111
33, 0, 106, 70, 122, 145.393938296
33, 1, 373, 75, 123, 146.585691889
33, 2, 675, 199, 93, 110.833084111
33, 3, 97, 527, 150, 178.763038889
33, 4, 360, 587, 134, 159.694981408
33, 5, 556, 324, 120, 143.010431111
34, 0, 118, 83, 122, 145.393938296
34, 1, 369, 94, 125, 148.969199074
34, 2, 692, 191, 89, 106.066069741
34, 3, 100, 544, 148, 176.379531704
34, 4, 364, 606, 132, 157.311474222
34, 5, 572, 335, 116, 138.243416741
35, 0, 126, 100, 126, 150.160952667
35, 1, 377, 107, 121, 144.202184704
35, 2, 711, 191, 87, 103.682562556
35, 3, 107, 560, 148, 176.379531704
35, 4, 366, 625, 130, 154.927967037
35, 5, 585, 349, 114, 135.859909556
36, 0, 132, 118, 128, 152.544459852
36, 1, 393, 117, 121, 144.202184704
36, 2, 728, 186, 84, 100.107301778
36, 3, 117, 575, 145, 172.804270926
36, 4, 360, 622, 135, 160.886735
36, 5, 600, 356, 112, 133.476402371
37, 0, 139, 135, 133, 158.503227815
37, 1, 393, 131, 125, 148.969199074
37, 2, 745, 184, 83, 98.9155481853
37, 3, 125, 592, 143, 170.420763741
37, 4, 356, 626, 130, 154.927967037
37, 5, 619, 357, 109, 129.901141593
38, 0, 133, 149, 137, 163.270242185
38, 1, 386, 148, 130, 154.927967037
38, 2, 763, 189, 83, 98.9155481853
38, 3, 126, 610, 140, 166.845502963
38, 4, 362, 643, 127, 151.352706259
38, 5, 636, 362, 105, 125.134127222
39, 0, 118, 161, 140, 166.845502963
39, 1, 378, 165, 132, 157.311474222
39, 2, 779, 199, 83, 98.9155481853
39, 3, 122, 629, 139, 165.653749371
39, 4, 368, 661, 126, 150.160952667
39, 5, 654, 365, 101, 120.367112852
40, 0, 104, 175, 141, 168.037256556
40, 1, 372, 183, 137, 163.270242185
40, 2, 795, 208, 82, 97.7237945927
40, 3, 125, 626, 144, 171.612517334
40, 4, 379, 662, 131, 156.11972063
40, 5, 671, 371, 100, 119.175359259
41, 0, 87, 178, 136, 162.078488593
41, 1, 374, 202, 140, 166.845502963
41, 2, 813, 214, 82, 97.7237945927
41, 3, 125, 608, 149, 177.571285297
41, 4, 389, 668, 128, 152.544459852
41, 5, 688, 376, 96, 114.408344889
42, 0, 89, 182, 132, 157.311474222
42, 1, 385, 216, 135, 160.886735
42, 2, 832, 216, 83, 98.9155481853
42, 3, 125, 612, 144, 171.612517334
42, 4, 399, 684, 132, 157.311474222
42, 5, 704, 384, 93, 110.833084111
43, 0, 85, 192, 137, 163.270242185
43, 1, 394, 231, 136, 162.078488593
43, 2, 851, 213, 82, 97.7237945927
43, 3, 127, 631, 139, 165.653749371
43, 4, 412, 697, 136, 162.078488593
43, 5, 714, 399, 91, 108.449576926
44, 0, 73, 207, 142, 169.229010148
44, 1, 388, 229, 141, 168.037256556
44, 2, 867, 203, 83, 98.9155481853
44, 3, 127, 650, 137, 163.270242185
44, 4, 426, 709, 137, 163.270242185
44, 5, 725, 414, 90, 107.257823333
45, 0, 65, 225, 143, 170.420763741
45, 1, 388, 233, 136, 162.078488593
45, 2, 883, 192, 83, 98.9155481853
45, 3, 127, 669, 134, 159.694981408
45, 4, 443, 715, 141, 168.037256556
45, 5, 732, 431, 90, 107.257823333
46, 0, 58, 243, 147, 175.187778111
46, 1, 383, 232, 141, 168.037256556
46, 2, 901, 188, 82, 97.7237945927
46, 3, 130, 688, 131, 156.11972063
46, 4, 460, 721, 140, 166.845502963
46, 5, 740, 448, 87, 103.682562556
47, 0, 48, 259, 146, 173.996024519
47, 1, 385, 219, 139, 165.653749371
47, 2, 918, 182, 83, 98.9155481853
47, 3, 129, 707, 129, 153.736213445
47, 4, 477, 728, 141, 168.037256556
47, 5, 746, 443, 92, 109.641330519
48, 0, 45, 276, 141, 168.037256556
48, 1, 396, 203, 138, 164.461995778
48, 2, 936, 175, 82, 97.7237945927
48, 3, 138, 711, 134, 159.694981408
48, 4, 495, 731, 143, 170.420763741
48, 5, 757, 440, 87, 103.682562556
49, 0, 42, 294, 146, 173.996024519
49, 1, 401, 184, 135, 160.886735
49, 2, 955, 173, 82, 97.7237945927
49, 3, 145, 720, 129, 153.736213445
49, 4, 514, 733, 143, 170.420763741
49, 5, 775, 446, 84, 100.107301778
50, 0, 44, 312, 145, 172.804270926
50, 1, 405, 165, 131, 156.11972063
50, 2, 962, 161, 87, 103.682562556
50, 3, 152, 736, 124, 147.777445482
50, 4, 533, 734, 142, 169.229010148
50, 5, 793, 452, 83, 98.9155481853
51, 0, 53, 328, 146, 173.996024519
51, 1, 416, 150, 128, 152.544459852
51, 2, 973, 154, 82, 97.7237945927
51, 3, 164, 751, 121, 144.202184704
51, 4, 552, 734, 142, 169.229010148
51, 5, 808, 446, 84, 100.107301778
52, 0, 68, 335, 151, 179.954792482
52, 1, 432, 139, 125, 148.969199074
52, 2, 992, 157, 83, 98.9155481853
52, 3, 168, 768, 117, 139.435170334
52, 4, 571, 735, 140, 166.845502963
52, 5, 824, 439, 83, 98.9155481853
53, 0, 81, 346, 147, 175.187778111
53, 1, 430, 127, 126, 150.160952667
53, 2, 1011, 159, 82, 97.7237945927
53, 3, 172, 786, 117, 139.435170334
53, 4, 588, 742, 141, 168.037256556
53, 5, 834, 427, 88, 104.874316148
54, 0, 96, 355, 152, 181.146546074
54, 1, 435, 121, 121, 144.202184704
54, 2, 1029, 163, 85, 101.299055371
54, 3, 175, 804, 119, 141.818677519
54, 4, 606, 749, 141, 168.037256556
54, 5, 845, 424, 83, 98.9155481853
55, 0, 115, 359, 153, 182.338299667
55, 1, 454, 120, 118, 140.626923926
55, 2, 1045, 173, 85, 101.299055371
55, 3, 182, 820, 121, 144.202184704
55, 4, 625, 752, 137, 163.270242185
55, 5, 862, 433, 82, 97.7237945927
56, 0, 122, 349, 158, 188.29706763
56, 1, 464, 131, 115, 137.051663148
56, 2, 1062, 177, 84, 100.107301778
56, 3, 185, 837, 121, 144.202184704
56, 4, 641, 759, 138, 164.461995778
56, 5, 880, 437, 83, 98.9155481853
57, 0, 118, 330, 153, 182.338299667
57, 1, 455, 132, 120, 143.010431111
57, 2, 1080, 173, 83, 98.9155481853
57, 3, 187, 856, 122, 145.393938296
57, 4, 656, 769, 137, 163.270242185
57, 5, 898, 440, 82, 97.7237945927
58, 0, 114, 311, 151, 179.954792482
58, 1, 457, 135, 117, 139.435170334
58, 2, 1097, 165, 83, 98.9155481853
58, 3, 177, 863, 127, 151.352706259
58, 4, 667, 783, 138, 164.461995778
58, 5, 916, 438, 84, 100.107301778
59, 0, 114, 292, 153, 182.338299667
59, 1, 460, 151, 120, 143.010431111
59, 2, 1115, 163, 83, 98.9155481853
59, 3, 167, 874, 122, 145.393938296
59, 4, 671, 801, 137, 163.270242185
59, 5, 933, 430, 84, 100.107301778
60, 0, 113, 273, 153, 182.338299667
60, 1, 457, 170, 124, 147.777445482
60, 2, 1134, 167, 83, 98.9155481853
60, 3, 172, 891, 121, 144.202184704
60, 4, 670, 820, 140, 166.845502963
60, 5, 951, 428, 85, 101.299055371
61, 0, 102, 260, 148, 176.379531704
61, 1, 456, 189, 128, 152.544459852
61, 2, 1150, 176, 84, 100.107301778
61, 3, 185, 904, 126, 150.160952667
61, 4, 668, 839, 141, 168.037256556
61, 5, 970, 427, 83, 98.9155481853
62, 0, 85, 250, 146, 173.996024519
62, 1, 461, 206, 128, 152.544459852
62, 2, 1167, 180, 83, 98.9155481853
62, 3, 194, 919, 126, 150.160952667
62, 4, 667, 858, 140, 166.845502963
62, 5, 988, 430, 83, 98.9155481853
63, 0, 72, 236, 145, 172.804270926
63, 1, 461, 223, 128, 152.544459852
63, 2, 1181, 189, 86, 102.490808963
63, 3, 204, 917, 131, 156.11972063
63, 4, 671, 876, 142, 169.229010148
63, 5, 1005, 438, 82, 97.7237945927
64, 0, 56, 230, 140, 166.845502963
64, 1, 470, 231, 127, 151.352706259
64, 2, 1195, 200, 86, 102.490808963
64, 3, 214, 901, 133, 158.503227815
64, 4, 675, 894, 142, 169.229010148
64, 5, 1023, 439, 83, 98.9155481853
65, 0, 44, 220, 144, 171.612517334
65, 1, 487, 238, 129, 153.736213445
65, 2, 1210, 210, 85, 101.299055371
65, 3, 227, 899, 130, 154.927967037
65, 4, 677, 913, 142, 169.229010148
65, 5, 1037, 447, 84, 100.107301778
66, 0, 38, 224, 144, 171.612517334
66, 1, 501, 250, 128, 152.544459852
66, 2, 1227, 215, 82, 97.7237945927
66, 3, 244, 908, 132, 157.311474222
66, 4, 679, 932, 140, 166.845502963
66, 5, 1050, 461, 83, 98.9155481853
67, 0, 34, 243, 147, 175.187778111
67, 1, 515, 262, 126, 150.160952667
67, 2, 1246, 212, 85, 101.299055371
67, 3, 252, 900, 137, 163.270242185
67, 4, 686, 949, 141, 168.037256556
67, 5, 1066, 470, 83, 98.9155481853
68, 0, 41, 259, 143, 170.420763741
68, 1, 527, 276, 125, 148.969199074
68, 2, 1263, 215, 82, 97.7237945927
68, 3, 251, 903, 133, 158.503227815
68, 4, 697, 964, 138, 164.461995778
68, 5, 1084, 469, 85, 101.299055371
69, 0, 43, 276, 148, 176.379531704
69, 1, 539, 290, 123, 146.585691889
69, 2, 1277, 227, 82, 97.7237945927
69, 3, 249, 922, 134, 159.694981408
69, 4, 712, 974, 139, 165.653749371
69, 5, 1103, 467, 85, 101.299055371
70, 0, 39, 295, 153, 182.338299667
70, 1, 550, 305, 121, 144.202184704
70, 2, 1286, 243, 83, 98.9155481853
70, 3, 249, 941, 134, 159.694981408
70, 4, 729, 982, 134, 159.694981408
70, 5, 1120, 473, 83, 98.9155481853
71, 0, 33, 313, 156, 185.913560445
71, 1, 560, 320, 120, 143.010431111
71, 2, 1296, 259, 83, 98.9155481853
71, 3, 245, 959, 135, 160.886735
71, 4, 747, 986, 131, 156.11972063
71, 5, 1138, 480, 82, 97.7237945927
72, 0, 24, 330, 157, 187.105314037
72, 1, 573, 333, 117, 139.435170334
72, 2, 1312, 265, 83, 98.9155481853
72, 3, 237, 977, 131, 156.11972063
72, 4, 766, 984, 129, 153.736213445
72, 5, 1154, 490, 83, 98.9155481853
73, 0, 18, 348, 159, 189.488821222
73, 1, 588, 344, 114, 135.859909556
73, 2, 1309, 270, 88, 104.874316148
73, 3, 235, 995, 132, 157.311474222
73, 4, 783, 977, 128, 152.544459852
73, 5, 1156, 506, 86, 102.490808963
74, 0, 10, 365, 158, 188.29706763
74, 1, 604, 354, 111, 132.284648778
74, 2, 1312, 279, 83, 98.9155481853
74, 3, 233, 1014, 130, 154.927967037
74, 4, 800, 969, 123, 146.585691889
74, 5, 1164, 517, 82, 97.7237945927
75, 0, 5, 382, 162, 193.064082
75, 1, 604, 368, 111, 132.284648778
75, 2, 1321, 294, 83, 98.9155481853
75, 3, 230, 1033, 128, 152.544459852
75, 4, 818, 967, 119, 141.818677519
75, 5, 1179, 528, 82, 97.7237945927
76, 0, 1, 401, 161, 191.872328408
76, 1, 602, 386, 114, 135.859909556
76, 2, 1332, 308, 82, 97.7237945927
76, 3, 230, 1052, 126, 150.160952667
76, 4, 837, 968, 117, 139.435170334
76, 5, 1195, 537, 83, 98.9155481853
77, 0, -5, 419, 158, 188.29706763
77, 1, 603, 405, 112, 133.476402371
77, 2, 1326, 315, 87, 103.682562556
77, 3, 234, 1070, 126, 150.160952667
77, 4, 856, 967, 116, 138.243416741
77, 5, 1212, 545, 83, 98.9155481853
78, 0, -3, 437, 162, 193.064082
78, 1, 614, 412, 109, 129.901141593
78, 2, 1328, 322, 82, 97.7237945927
78, 3, 240, 1088, 125, 148.969199074
78, 4, 875, 966, 118, 140.626923926
78, 5, 1229, 550, 84, 100.107301778
79, 0, -5, 455, 159, 189.488821222
79, 1, 633, 413, 106, 126.325880815
79, 2, 1346, 328, 83, 98.9155481853
79, 3, 249, 1104, 126, 150.160952667
79, 4, 893, 970, 119, 141.818677519
79, 5, 1248, 552, 82, 97.7237945927
80, 0, 0, 470, 159, 189.488821222
80, 1, 651, 418, 102, 121.558866445
80, 2, 1365, 332, 83, 98.9155481853
80, 3, 258, 1120, 123, 146.585691889
80, 4, 911, 969, 123, 146.585691889
80, 5, 1263, 561, 83, 98.9155481853
81, 0, -2, 484, 155, 184.721806852
81, 1, 665, 411, 100, 119.175359259
81, 2, 1384, 335, 83, 98.9155481853
81, 3, 263, 1138, 124, 147.777445482
81, 4, 917, 978, 128, 152.544459852
81, 5, 1273, 576, 85, 101.299055371
82, 0, -15, 498, 155, 184.721806852
82, 1, 678, 397, 99, 117.983605667
82, 2, 1403, 335, 82, 97.7237945927
82, 3, 266, 1157, 120, 143.010431111
82, 4, 924, 993, 129, 153.736213445
82, 5, 1288, 586, 83, 98.9155481853
83, 0, -25, 514, 154, 183.53005326
83, 1, 688, 381, 98, 116.791852074
83, 2, 1418, 326, 86, 102.490808963
83, 3, 269, 1176, 118, 140.626923926
83, 4, 937, 1006, 133, 158.503227815
83, 5, 1306, 592, 82, 97.7237945927
84, 0, -16, 521, 155, 184.721806852
84, 1, 696, 364, 96, 114.408344889
84, 2, 1434, 317, 85, 101.299055371
84, 3, 279, 1190, 117, 139.435170334
84, 4, 947, 1021, 134, 159.694981408
84, 5, 1322, 601, 82, 97.7237945927
85, 0, 2, 525, 154, 183.53005326
85, 1, 708, 349, 92, 109.641330519
85, 2, 1450, 307, 87, 103.682562556
85, 3, 287, 1206, 118, 140.626923926
85, 4, 961, 1032, 134, 159.694981408
85, 5, 1333, 615, 82, 97.7237945927
86, 0, 20, 530, 155, 184.721806852
86, 1, 722, 335, 90, 107.257823333
86, 2, 1459, 291, 88, 104.874316148
86, 3, 292, 1224, 119, 141.818677519
86, 4, 977, 1042, 139, 165.653749371
86, 5, 1346, 628, 82, 97.7237945927
87, 0, 18, 538, 150, 178.763038889
87, 1, 731, 318, 90, 107.257823333
87, 2, 1472, 277, 83, 98.9155481853
87, 3, 301, 1240, 119, 141.818677519
87, 4, 986, 1057, 139, 165.653749371
87, 5, 1356, 643, 83, 98.9155481853
88, 0, 7, 553, 152, 181.146546074
88, 1, 742, 303, 87, 103.682562556
88, 2, 1489, 268, 82, 97.7237945927
88, 3, 300, 1257, 121, 144.202184704
88, 4, 988, 1075, 143, 170.420763741
88, 5, 1362, 661, 84, 100.107301778
89, 0, 2, 571, 153, 182.338299667
89, 1, 749, 286, 89, 106.066069741
89, 2, 1507, 264, 82, 97.7237945927
89, 3, 293, 1275, 124, 147.777445482
89, 4, 989, 1094, 144, 171.612517334
89, 5, 1366, 679, 85, 101.299055371
90, 0, 0, 590, 152, 181.146546074
90, 1, 750, 267, 89, 106.066069741
90, 2, 1525, 259, 82, 97.7237945927
90, 3, 288, 1293, 124, 147.777445482
90, 4, 995, 1111, 144, 171.612517334
90, 5, 1376, 694, 84, 100.107301778
91, 0, 1, 609, 149, 177.571285297
91, 1, 756, 249, 88, 104.874316148
91, 2, 1537, 246, 84, 100.107301778
91, 3, 287, 1312, 127, 151.352706259
91, 4, 996, 1129, 148, 176.379531704
91, 5, 1386, 710, 86, 102.490808963
92, 0, 1, 628, 144, 171.612517334
92, 1, 761, 230, 88, 104.874316148
92, 2, 1537, 227, 89, 106.066069741
92, 3, 286, 1331, 128, 152.544459852
92, 4, 989, 1146, 150, 178.763038889
92, 5, 1395, 726, 84, 100.107301778
93, 0, -2, 647, 143, 170.420763741
93, 1, 769, 213, 87, 103.682562556
93, 2, 1527, 211, 86, 102.490808963
93, 3, 289, 1349, 128, 152.544459852
93, 4, 987, 1164, 145, 172.804270926
93, 5, 1409, 738, 87, 103.682562556
94, 0, -4, 666, 142, 169.229010148
94, 1, 770, 196, 88, 104.874316148
94, 2, 1512, 198, 87, 103.682562556
94, 3, 287, 1367, 128, 152.544459852
94, 4, 983, 1182, 149, 177.571285297
94, 5, 1425, 747, 87, 103.682562556
95, 0, -3, 685, 139, 165.653749371
95, 1, 776, 181, 87, 103.682562556
95, 2, 1499, 183, 88, 104.874316148
95, 3, 291, 1383, 129, 153.736213445
95, 4, 973, 1199, 148, 176.379531704
95, 5, 1441, 756, 86, 102.490808963
96, 0, -2, 704, 135, 160.886735
96, 1, 791, 169, 87, 103.682562556
96, 2, 1486, 168, 89, 106.066069741
96, 3, 300, 1399, 126, 150.160952667
96, 4, 969, 1217, 145, 172.804270926
96, 5, 1458, 758, 88, 104.874316148
97, 0, -1, 723, 131, 156.11972063
97, 1, 808, 163, 83, 98.9155481853
97, 2, 1475, 152, 89, 106.066069741
97, 3, 304, 1417, 126, 150.160952667
97, 4, 961, 1233, 145, 172.804270926
97, 5, 1477, 760, 88, 104.874316148
98, 0, 0, 742, 127, 151.352706259
98, 1, 827, 159, 83, 98.9155481853
98, 2, 1466, 134, 90, 107.257823333
98, 3, 315, 1429, 124, 147.777445482
98, 4, 954, 1250, 142, 169.229010148
98, 5, 1495, 758, 90, 107.257823333
99, 0, 0, 761, 123, 146.585691889
99, 1, 846, 155, 83, 98.9155481853
99, 2, 1451, 128, 85, 101.299055371
99, 3, 331, 1439, 127, 151.352706259
99, 4, 946, 1267, 143, 170.420763741
99, 5, 1513, 756, 90, 107.257823333
100, 0, 0, 780, 119, 141.818677519
100, 1, 865, 152, 83, 98.9155481853
100, 2, 1432, 127, 87, 103.682562556
100, 3, 344, 1452, 127, 151.352706259
100, 4, 938, 1284, 141, 168.037256556
100, 5, 1532, 759, 91, 108.449576926
101, 0, 9, 794, 120, 143.010431111
101, 1, 884, 149, 83, 98.9155481853
101, 2, 1413, 123, 88, 104.874316148
101, 3, 358, 1464, 130, 154.927967037
101, 4, 933, 1302, 136, 162.078488593
101, 5, 1550, 756, 91, 108.449576926
102, 0, 25, 803, 116, 138.243416741
102, 1, 895, 159, 83, 98.9155481853
102, 2, 1394, 123, 90, 107.257823333
102, 3, 372, 1476, 129, 153.736213445
102, 4, 931, 1321, 136, 162.078488593
102, 5, 1562, 742, 94, 112.024837704
103, 0, 43, 803, 116, 138.243416741
103, 1, 905, 175, 86, 102.490808963
103, 2, 1378, 132, 89, 106.066069741
103, 3, 385, 1472, 134, 159.694981408
103, 4, 937, 1338, 135, 160.886735
103, 5, 1573, 727, 91, 108.449576926
104, 0, 62, 798, 117, 139.435170334
104, 1, 918, 189, 86, 102.490808963
104, 2, 1363, 144, 90, 107.257823333
104, 3, 396, 1456, 129, 153.736213445
104, 4, 946, 1354, 138, 164.461995778
104, 5, 1585, 712, 91, 108.449576926
105, 0, 80, 791, 117, 139.435170334
105, 1, 929, 204, 85, 101.299055371
105, 2, 1347, 154, 90, 107.257823333
105, 3, 403, 1438, 124, 147.777445482
105, 4, 961, 1363, 134, 159.694981408
105, 5, 1599, 699, 89, 106.066069741
106, 0, 98, 787, 117, 139.435170334
106, 1, 943, 217, 87, 103.682562556
106, 2, 1341, 169, 87, 103.682562556
106, 3, 411, 1420, 121, 144.202184704
106, 4, 979, 1368, 136, 162.078488593
106, 5, 1615, 689, 89, 106.066069741
107, 0, 109, 775, 121, 144.202184704
107, 1, 960, 225, 86, 102.490808963
107, 2, 1341, 188, 88, 104.874316148
107, 3, 418, 1402, 118, 140.626923926
107, 4, 997, 1371, 141, 168.037256556
107, 5, 1630, 677, 86, 102.490808963
108, 0, 118, 758, 126, 150.160952667
108, 1, 978, 231, 87, 103.682562556
108, 2, 1338, 207, 88, 104.874316148
108, 3, 415, 1384, 113, 134.668155963
108, 4, 1016, 1375, 142, 169.229010148
108, 5, 1647, 671, 90, 107.257823333
109, 0, 133, 758, 121, 144.202184704
109, 1, 996, 235, 84, 100.107301778
109, 2, 1336, 226, 87, 103.682562556
109, 3, 405, 1366, 110, 131.092895185
109, 4, 1035, 1376, 141, 168.037256556
109, 5, 1660, 680, 90, 107.257823333
110, 0, 147, 753, 125, 148.969199074
110, 1, 1015, 235, 85, 101.299055371
110, 2, 1328, 242, 89, 106.066069741
110, 3, 402, 1347, 110, 131.092895185
110, 4, 1051, 1382, 142, 169.229010148
110, 5, 1671, 694, 94, 112.024837704
111, 0, 159, 738, 127, 151.352706259
111, 1, 1022, 245, 82, 97.7237945927
111, 2, 1319, 258, 88, 104.874316148
111, 3, 406, 1328, 111, 132.284648778
111, 4, 1065, 1394, 142, 169.229010148
111, 5, 1686, 704, 96, 114.408344889
112, 0, 171, 723, 127, 151.352706259
112, 1, 1033, 250, 85, 101.299055371
112, 2, 1310, 275, 90, 107.257823333
112, 3, 411, 1309, 111, 132.284648778
112, 4, 1080, 1404, 138, 164.461995778
112, 5, 1700, 716, 99, 117.983605667
113, 0, 182, 707, 130, 154.927967037
113, 1, 1052, 248, 85, 101.299055371
113, 2, 1305, 293, 89, 106.066069741
113, 3, 416, 1290, 115, 137.051663148
113, 4, 1097, 1411, 137, 163.270242185
113, 5, 1701, 732, 99, 117.983605667
114, 0, 187, 689, 130, 154.927967037
114, 1, 1070, 252, 85, 101.299055371
114, 2, 1308, 311, 88, 104.874316148
114, 3, 423, 1272, 118, 140.626923926
114, 4, 1115, 1417, 136, 162.078488593
114, 5, 1695, 750, 102, 121.558866445
115, 0, 187, 670, 132, 157.311474222
115, 1, 1086, 260, 85, 101.299055371
115, 2, 1315, 328, 88, 104.874316148
115, 3, 434, 1256, 117, 139.435170334
115, 4, 1126, 1430, 137, 163.270242185
115, 5, 1696, 768, 107, 127.517634408
116, 0, 194, 654, 130, 154.927967037
116, 1, 1102, 270, 86, 102.490808963
116, 2, 1323, 345, 89, 106.066069741
116, 3, 449, 1245, 120, 143.010431111
116, 4, 1134, 1447, 133, 158.503227815
116, 5, 1703, 786, 111, 132.284648778
117, 0, 205, 638, 132, 157.311474222
117, 1, 1106, 285, 82, 97.7237945927
117, 2, 1329, 363, 90, 107.257823333
117, 3, 466, 1237, 122, 145.393938296
117, 4, 1148, 1458, 130, 154.927967037
117, 5, 1708, 804, 115, 137.051663148
118, 0, 208, 620, 137, 163.270242185
118, 1, 1104, 304, 83, 98.9155481853
118, 2, 1333, 381, 90, 107.257823333
118, 3, 484, 1232, 127, 151.352706259
118, 4, 1166, 1457, 131, 156.11972063
118, 5, 1715, 821, 118, 140.626923926
119, 0, 217, 605, 137, 163.270242185
119, 1, 1104, 323, 82, 97.7237945927
119, 2, 1338, 399, 89, 106.066069741
119, 3, 503, 1227, 130, 154.927967037
119, 4, 1182, 1462, 129, 153.736213445
119, 5, 1722, 838, 122, 145.393938296
120, 0, 225, 589, 139, 165.653749371
120, 1, 1100, 341, 82, 97.7237945927
120, 2, 1347, 415, 87, 103.682562556
120, 3, 517, 1215, 128, 152.544459852
120, 4, 1199, 1470, 127, 151.352706259
120, 5, 1718, 855, 127, 151.352706259
121, 0, 226, 570, 142, 169.229010148
121, 1, 1097, 359, 82, 97.7237945927
121, 2, 1361, 428, 83, 98.9155481853
121, 3, 532, 1212, 128, 152.544459852
121, 4, 1218, 1471, 129, 153.736213445
121, 5, 1718, 872, 126, 150.160952667
122, 0, 222, 551, 145, 172.804270926
122, 1, 1094, 378, 83, 98.9155481853
122, 2, 1378, 434, 86, 102.490808963
122, 3, 550, 1212, 132, 157.311474222
122, 4, 1237, 1467, 132, 157.311474222
122, 5, 1713, 888, 130, 154.927967037
123, 0, 218, 532, 150, 178.763038889
123, 1, 1084, 394, 82, 97.7237945927
123, 2, 1395, 442, 87, 103.682562556
123, 3, 569, 1210, 130, 154.927967037
123, 4, 1256, 1462, 133, 158.503227815
123, 5, 1710, 905, 127, 151.352706259
124, 0, 218, 513, 153, 182.338299667
124, 1, 1071, 408, 82, 97.7237945927
124, 2, 1411, 453, 89, 106.066069741
124, 3, 588, 1208, 130, 154.927967037
124, 4, 1275, 1462, 135, 160.886735
124, 5, 1699, 915, 129, 153.736213445
125, 0, 212, 495, 154, 183.53005326
125, 1, 1063, 425, 82, 97.7237945927
125, 2, 1426, 465, 87, 103.682562556
125, 3, 595, 1218, 125, 148.969199074
125, 4, 1292, 1469, 136, 162.078488593
125, 5, 1698, 926, 129, 153.736213445
126, 0, 201, 478, 155, 184.721806852
126, 1, 1063, 444, 84, 100.107301778
126, 2, 1440, 478, 88, 104.874316148
126, 3, 606, 1225, 125, 148.969199074
126, 4, 1310, 1474, 137, 163.270242185
126, 5, 1712, 937, 134, 159.694981408
127, 0, 188, 480, 156, 185.913560445
127, 1, 1068, 462, 85, 101.299055371
127, 2, 1456, 487, 90, 107.257823333
127, 3, 623, 1218, 123, 146.585691889
127, 4, 1316, 1463, 142, 169.229010148
127, 5, 1720, 952, 134, 159.694981408
128, 0, 172, 491, 157, 187.105314037
128, 1, 1072, 480, 82, 97.7237945927
128, 2, 1473, 495, 89, 106.066069741
128, 3, 638, 1206, 120, 143.010431111
128, 4, 1315, 1444, 147, 175.187778111
128, 5, 1724, 970, 136, 162.078488593
129, 0, 157, 503, 155, 184.721806852
129, 1, 1072, 499, 85, 101.299055371
129, 2, 1488, 505, 89, 106.066069741
129, 3, 655, 1199, 121, 144.202184704
129, 4, 1308, 1426, 143, 170.420763741
129, 5, 1728, 988, 138, 164.461995778
130, 0, 145, 518, 154, 183.53005326
130, 1, 1071, 518, 86, 102.490808963
130, 2, 1500, 519, 88, 104.874316148
130, 3, 673, 1193, 120, 143.010431111
130, 4, 1295, 1411, 145, 172.804270926
130, 5, 1718, 992, 143, 170.420763741
131, 0, 150, 519, 149, 177.571285297
131, 1, 1079, 533, 82, 97.7237945927
131, 2, 1510, 515, 83, 98.9155481853
131, 3, 683, 1178, 122, 145.393938296
131, 4, 1291, 1394, 150, 178.763038889
131, 5, 1699, 989, 145, 172.804270926
132, 0, 149, 524, 154, 183.53005326
132, 1, 1091, 547, 83, 98.9155481853
132, 2, 1515, 519, 86, 102.490808963
132, 3, 692, 1161, 125, 148.969199074
132, 4, 1293, 1375, 153, 182.338299667
132, 5, 1695, 999, 140, 166.845502963
133, 0, 136, 538, 155, 184.721806852
133, 1, 1100, 563, 82, 97.7237945927
133, 2, 1522, 536, 87, 103.682562556
133, 3, 696, 1166, 128, 152.544459852
133, 4, 1297, 1356, 154, 183.53005326
133, 5, 1687, 1000, 143, 170.420763741
134, 0, 137, 534, 151, 179.954792482
134, 1, 1113, 564, 85, 101.299055371
134, 2, 1533, 551, 85, 101.299055371
134, 3, 695, 1162, 125, 148.969199074
134, 4, 1297, 1337, 152, 181.146546074
134, 5, 1685, 1007, 138, 164.461995778
135, 0, 152, 530, 147, 175.187778111
135, 1, 1127, 552, 85, 101.299055371
135, 2, 1539, 568, 82, 97.7237945927
135, 3, 706, 1154, 122, 145.393938296
135, 4, 1292, 1318, 153, 182.338299667
135, 5, 1681, 1005, 143, 170.420763741
136, 0, 169, 537, 148, 176.379531704
136, 1, 1143, 542, 88, 104.874316148
136, 2, 1550, 570, 87, 103.682562556
136, 3, 725, 1152, 120, 143.010431111
136, 4, 1286, 1300, 153, 182.338299667
136, 5, 1669, 989, 142, 169.229010148
137, 0, 186, 543, 149, 177.571285297
137, 1, 1161, 538, 83, 98.9155481853
137, 2, 1567, 563, 82, 97.7237945927
137, 3, 742, 1156, 120, 143.010431111
137, 4, 1278, 1282, 151, 179.954792482
137, 5, 1659, 971, 139, 165.653749371
138, 0, 205, 547, 149, 177.571285297
138, 1, 1172, 526, 82, 97.7237945927
138, 2, 1584, 554, 82, 97.7237945927
138, 3, 760, 1163, 117, 139.435170334
138, 4, 1274, 1263, 151, 179.954792482
138, 5, 1652, 952, 136, 162.078488593
139, 0, 224, 550, 149, 177.571285297
139, 1, 1177, 530, 83, 98.9155481853
139, 2, 1599, 542, 82, 97.7237945927
139, 3, 777, 1170, 119, 141.818677519
139, 4, 1277, 1244, 151, 179.954792482
139, 5, 1645, 933, 132, 157.311474222
140, 0, 242, 555, 146, 173.996024519
140, 1, 1185, 547, 85, 101.299055371
140, 2, 1616, 535, 83, 98.9155481853
140, 3, 773, 1178, 114, 135.859909556
140, 4, 1281, 1225, 148, 176.379531704
140, 5, 1642, 914, 129, 153.736213445
141, 0, 259, 562, 145, 172.804270926
141, 1, 1200, 555, 82, 97.7237945927
141, 2, 1635, 533, 85, 101.299055371
141, 3, 762, 1192, 117, 139.435170334
141, 4, 1289, 1208, 149, 177.571285297
141, 5, 1644, 895, 127, 151.352706259
142, 0, 277, 568, 146, 173.996024519
142, 1, 1217, 550, 85, 101.299055371
142, 2, 1654, 536, 84, 100.107301778
142, 3, 758, 1210, 116, 138.243416741
142, 4, 1302, 1194, 146, 173.996024519
142, 5, 1651, 877, 124, 147.777445482
143, 0, 296, 571, 145, 172.804270926
143, 1, 1222, 534, 90, 107.257823333
143, 2, 1671, 544, 83, 98.9155481853
143, 3, 754, 1228, 111, 132.284648778
143, 4, 1316, 1181, 148, 176.379531704
143, 5, 1663, 863, 123, 146.585691889
144, 0, 314, 568, 142, 169.229010148
144, 1, 1232, 527, 85, 101.299055371
144, 2, 1682, 538, 82, 97.7237945927
144, 3, 748, 1246, 111, 132.284648778
144, 4, 1331, 1169, 146, 173.996024519
144, 5, 1676, 849, 122, 145.393938296
145, 0, 329, 557, 141, 168.037256556
145, 1, 1235, 516, 89, 106.066069741
145, 2, 1695, 536, 85, 101.299055371
145, 3, 738, 1262, 108, 128.709388
145, 4, 1342, 1154, 148, 176.379531704
145, 5, 1692, 840, 122, 145.393938296
146, 0, 343, 544, 141, 168.037256556
146, 1, 1223, 501, 89, 106.066069741
146, 2, 1706, 550, 82, 97.7237945927
146, 3, 726, 1277, 106, 126.325880815
146, 4, 1356, 1143, 146, 173.996024519
146, 5, 1699, 849, 120, 143.010431111
147, 0, 357, 531, 141, 168.037256556
147, 1, 1207, 489, 90, 107.257823333
147, 2, 1708, 545, 82, 97.7237945927
147, 3, 713, 1291, 102, 121.558866445
147, 4, 1375, 1138, 148, 176.379531704
147, 5, 1697, 868, 121, 144.202184704
148, 0, 371, 518, 144, 171.612517334
148, 1, 1194, 474, 89, 106.066069741
148, 2, 1709, 526, 82, 97.7237945927
148, 3, 697, 1303, 100, 119.175359259
148, 4, 1392, 1130, 147, 175.187778111
148, 5, 1695, 887, 124, 147.777445482
149, 0, 379, 501, 143, 170.420763741
149, 1, 1182, 458, 90, 107.257823333
149, 2, 1716, 508, 84, 100.107301778
149, 3, 679, 1308, 101, 120.367112852
149, 4, 1409, 1122, 147, 175.187778111
149, 5, 1691, 906, 126, 150.160952667
150, 0, 388, 485, 143, 170.420763741
150, 1, 1171, 442, 90, 107.257823333
150, 2, 1726, 492, 83, 98.9155481853
150, 3, 661, 1303, 104, 123.94237363
150, 4, 1423, 1110, 144, 171.612517334
150, 5, 1686, 925, 127, 151.352706259
151, 0, 404, 477, 144, 171.612517334
151, 1, 1171, 424, 85, 101.299055371
151, 2, 1735, 475, 83, 98.9155481853
151, 3, 643, 1294, 109, 129.901141593
151, 4, 1435, 1095, 142, 169.229010148
151, 5, 1673, 938, 128, 152.544459852
152, 0, 418, 465, 139, 165.653749371
152, 1, 1182, 409, 86, 102.490808963
152, 2, 1747, 460, 84, 100.107301778
152, 3, 625, 1295, 107, 127.517634408
152, 4, 1451, 1089, 143, 170.420763741
152, 5, 1667, 953, 129, 153.736213445
153, 0, 417, 447, 141, 168.037256556
153, 1, 1196, 396, 83, 98.9155481853
153, 2, 1749, 444, 85, 101.299055371
153, 3, 611, 1288, 111, 132.284648778
153, 4, 1465, 1080, 140, 166.845502963
153, 5, 1657, 966, 129, 153.736213445
154, 0, 424, 433, 140, 166.845502963
154, 1, 1211, 384, 85, 101.299055371
154, 2, 1751, 426, 85, 101.299055371
154, 3, 597, 1288, 110, 131.092895185
154, 4, 1480, 1078, 142, 169.229010148
154, 5, 1641, 978, 128, 152.544459852
155, 0, 442, 429, 139, 165.653749371
155, 1, 1228, 380, 82, 97.7237945927
155, 2, 1761, 409, 82, 97.7237945927
155, 3, 585, 1283, 113, 134.668155963
155, 4, 1498, 1083, 142, 169.229010148
155, 5, 1630, 993, 128, 152.544459852
156, 0, 459, 422, 134, 159.694981408
156, 1, 1247, 378, 82, 97.7237945927
156, 2, 1776, 397, 85, 101.299055371
156, 3, 573, 1285, 111, 132.284648778
156, 4, 1516, 1088, 143, 170.420763741
156, 5, 1618, 1008, 128, 152.544459852
157, 0, 473, 409, 133, 158.503227815
157, 1, 1263, 368, 82, 97.7237945927
157, 2, 1788, 383, 83, 98.9155481853
157, 3, 561, 1300, 109, 129.901141593
157, 4, 1531, 1098, 142, 169.229010148
157, 5, 1611, 1025, 130, 154.927967037
158, 0, 485, 394, 132, 157.311474222
158, 1, 1275, 353, 82, 97.7237945927
158, 2, 1798, 366, 83, 98.9155481853
158, 3, 550, 1316, 109, 129.901141593
158, 4, 1544, 1112, 141, 168.037256556
158, 5, 1603, 1042, 128, 152.544459852
159, 0, 497, 379, 129, 153.736213445
159, 1, 1282, 335, 83, 98.9155481853
159, 2, 1800, 348, 84, 100.107301778
159, 3, 536, 1329, 105, 125.134127222
159, 4, 1554, 1128, 141, 168.037256556
159, 5, 1596, 1059, 129, 153.736213445
160, 0, 513, 374, 128, 152.544459852
160, 1, 1294, 323, 82, 97.7237945927
160, 2, 1788, 335, 82, 97.7237945927
160, 3, 518, 1337, 104, 123.94237363
160, 4, 1564, 1144, 144, 171.612517334
160, 5, 1587, 1076, 130, 154.927967037
161, 0, 530, 368, 124, 147.777445482
161, 1, 1312, 317, 82, 97.7237945927
161, 2, 1770, 327, 87, 103.682562556
161, 3, 508, 1350, 103, 122.750620037
161, 4, 1574, 1159, 143, 170.420763741
161, 5, 1585, 1093, 135, 160.886735
162, 0, 540, 353, 124, 147.777445482
162, 1, 1327, 307, 82, 97.7237945927
162, 2, 1755, 316, 89, 106.066069741
162, 3, 498, 1365, 101, 120.367112852
162, 4, 1580, 1176, 141, 168.037256556
162, 5, 1586, 1112, 134, 159.694981408
163, 0, 553, 348, 120, 143.010431111
163, 1, 1343, 298, 83, 98.9155481853
163, 2, 1743, 320, 88, 104.874316148
163, 3, 484, 1378, 104, 123.94237363
163, 4, 1582, 1195, 143, 170.420763741
163, 5, 1578, 1128, 136, 162.078488593
164, 0, 568, 341, 118, 140.626923926
164, 1, 1361, 292, 84, 100.107301778
164, 2, 1731, 335, 89, 106.066069741
164, 3, 475, 1394, 107, 127.517634408
164, 4, 1590, 1210, 143, 170.420763741
164, 5, 1565, 1142, 139, 165.653749371
165, 0, 569, 324, 121, 144.202184704
165, 1, 1371, 300, 83, 98.9155481853
165, 2, 1717, 333, 84, 100.107301778
165, 3, 468, 1412, 111, 132.284648778
165, 4, 1602, 1224, 143, 170.420763741
165, 5, 1553, 1157, 141, 168.037256556
166, 0, 578, 314, 116, 138.243416741
166, 1, 1377, 318, 88, 104.874316148
166, 2, 1708, 339, 86, 102.490808963
166, 3, 458, 1428, 114, 135.859909556
166, 4, 1611, 1240, 140, 166.845502963
166, 5, 1548, 1174, 144, 171.612517334
167, 0, 597, 310, 111, 132.284648778
167, 1, 1376, 336, 89, 106.066069741
167, 2, 1696, 340, 82, 97.7237945927
167, 3, 444, 1441, 118, 140.626923926
167, 4, 1615, 1258, 140, 166.845502963
167, 5, 1540, 1190, 145, 172.804270926
168, 0, 615, 313, 109, 129.901141593
168, 1, 1381, 352, 84, 100.107301778
168, 2, 1684, 325, 82, 97.7237945927
168, 3, 428, 1452, 122, 145.393938296
168, 4, 1622, 1275, 141, 168.037256556
168, 5, 1535, 1207, 146, 173.996024519
169, 0, 633, 320, 106, 126.325880815
169, 1, 1397, 356, 88, 104.874316148
169, 2, 1670, 312, 82, 97.7237945927
169, 3, 410, 1456, 127, 151.352706259
169, 4, 1630, 1292, 140, 166.845502963
169, 5, 1527, 1206, 151, 179.954792482
170, 0, 650, 328, 103, 122.750620037
170, 1, 1416, 355, 89, 106.066069741
170, 2, 1653, 302, 82, 97.7237945927
170, 3, 391, 1455, 129, 153.736213445
170, 4, 1631, 1310, 143, 170.420763741
170, 5, 1518, 1211, 147, 175.187778111
171, 0, 662, 341, 101, 120.367112852
171, 1, 1435, 357, 88, 104.874316148
171, 2, 1635, 293, 82, 97.7237945927
171, 3, 375, 1446, 131, 156.11972063
171, 4, 1642, 1315, 148, 176.379531704
171, 5, 1518, 1230, 147, 175.187778111
172, 0, 670, 358, 100, 119.175359259
172, 1, 1453, 362, 87, 103.682562556
172, 2, 1616, 290, 85, 101.299055371
172, 3, 369, 1429, 126, 150.160952667
172, 4, 1652, 1325, 144, 171.612517334
172, 5, 1510, 1245, 148, 176.379531704
173, 0, 679, 375, 99, 117.983605667
173, 1, 1468, 373, 82, 97.7237945927
173, 2, 1597, 290, 83, 98.9155481853
173, 3, 366, 1410, 121, 144.202184704
173, 4, 1656, 1344, 147, 175.187778111
173, 5, 1508, 1261, 151, 179.954792482
174, 0, 683, 393, 97, 115.600098482
174, 1, 1472, 390, 87, 103.682562556
174, 2, 1582, 280, 82, 97.7237945927
174, 3, 365, 1391, 116, 138.243416741
174, 4, 1657, 1363, 147, 175.187778111
174, 5, 1516, 1279, 149, 177.571285297
175, 0, 678, 411, 99, 117.983605667
175, 1, 1472, 409, 89, 106.066069741
175, 2, 1567, 268, 82, 97.7237945927
175, 3, 362, 1372, 115, 137.051663148
175, 4, 1655, 1382, 148, 176.379531704
175, 5, 1526, 1295, 149, 177.571285297
176, 0, 682, 427, 97, 115.600098482
176, 1, 1481, 424, 84, 100.107301778
176, 2, 1553, 273, 82, 97.7237945927
176, 3, 354, 1354, 117, 139.435170334
176, 4, 1665, 1386, 153, 182.338299667
176, 5, 1536, 1290, 154, 183.53005326
177, 0, 676, 439, 98, 116.791852074
177, 1, 1478, 437, 88, 104.874316148
177, 2, 1541, 269, 82, 97.7237945927
177, 3, 353, 1336, 120, 143.010431111
177, 4, 1683, 1380, 158, 188.29706763
177, 5, 1549, 1291, 149, 177.571285297
178, 0, 660, 450, 101, 120.367112852
178, 1, 1484, 442, 83, 98.9155481853
178, 2, 1527, 268, 82, 97.7237945927
178, 3, 362, 1319, 116, 138.243416741
178, 4, 1686, 1366, 153, 182.338299667
178, 5, 1561, 1305, 146, 173.996024519
179, 0, 645, 462, 104, 123.94237363
179, 1, 1484, 451, 88, 104.874316148
179, 2, 1509, 275, 84, 100.107301778
179, 3, 360, 1304, 112, 133.476402371
179, 4, 1681, 1347, 149, 177.571285297
179, 5, 1569, 1322, 145, 172.804270926
180, 0, 635, 478, 104, 123.94237363
180, 1, 1490, 457, 83, 98.9155481853
180, 2, 1501, 288, 84, 100.107301778
180, 3, 344, 1293, 116, 138.243416741
180, 4, 1687, 1331, 154, 183.53005326
180, 5, 1573, 1340, 144, 171.612517334
181, 0, 629, 496, 106, 126.325880815
181, 1, 1490, 466, 88, 104.874316148
181, 2, 1489, 295, 83, 98.9155481853
181, 3, 333, 1279, 115, 137.051663148
181, 4, 1700, 1317, 156, 185.913560445
181, 5, 1564, 1354, 149, 177.571285297
182, 0, 627, 515, 105, 125.134127222
182, 1, 1479, 482, 88, 104.874316148
182, 2, 1470, 299, 83, 98.9155481853
182, 3, 326, 1261, 115, 137.051663148
182, 4, 1708, 1300, 153, 182.338299667
182, 5, 1561, 1369, 145, 172.804270926
183, 0, 618, 529, 104, 123.94237363
183, 1, 1464, 493, 84, 100.107301778
183, 2, 1455, 311, 82, 97.7237945927
183, 3, 323, 1242, 117, 139.435170334
183, 4, 1708, 1281, 150, 178.763038889
183, 5, 1553, 1382, 149, 177.571285297
184, 0, 616, 544, 107, 127.517634408
184, 1, 1448, 503, 85, 101.299055371
184, 2, 1438, 320, 83, 98.9155481853
184, 3, 333, 1238, 118, 140.626923926
184, 4, 1702, 1262, 145, 172.804270926
184, 5, 1554, 1394, 144, 171.612517334
185, 0, 624, 561, 111, 132.284648778
185, 1, 1432, 513, 85, 101.299055371
185, 2, 1422, 330, 82, 97.7237945927
185, 3, 351, 1236, 123, 146.585691889
185, 4, 1700, 1243, 146, 173.996024519
185, 5, 1565, 1409, 142, 169.229010148
186, 0, 624, 579, 113, 134.668155963
186, 1, 1413, 518, 82, 97.7237945927
186, 2, 1411, 345, 87, 103.682562556
186, 3, 351, 1224, 119, 141.818677519
186, 4, 1703, 1224, 148, 176.379531704
186, 5, 1560, 1423, 143, 170.420763741
187, 0, 629, 596, 118, 140.626923926
187, 1, 1394, 522, 82, 97.7237945927
187, 2, 1396, 356, 83, 98.9155481853
187, 3, 339, 1208, 120, 143.010431111
187, 4, 1706, 1205, 145, 172.804270926
187, 5, 1561, 1437, 141, 168.037256556
188, 0, 644, 604, 116, 138.243416741
188, 1, 1375, 528, 82, 97.7237945927
188, 2, 1379, 366, 82, 97.7237945927
188, 3, 345, 1202, 125, 148.969199074
188, 4, 1709, 1186, 146, 173.996024519
188, 5, 1574, 1451, 140, 166.845502963
189, 0, 663, 605, 114, 135.859909556
189, 1, 1357, 534, 83, 98.9155481853
189, 2, 1384, 373, 87, 103.682562556
189, 3, 352, 1190, 125, 148.969199074
189, 4, 1712, 1167, 147, 175.187778111
189, 5, 1568, 1458, 145, 172.804270926
190, 0, 682, 607, 113, 134.668155963
190, 1, 1338, 539, 82, 97.7237945927
190, 2, 1380, 373, 83, 98.9155481853
190, 3, 344, 1174, 126, 150.160952667
190, 4, 1704, 1151, 152, 181.146546074
190, 5, 1550, 1464, 140, 166.845502963
191, 0, 701, 609, 110, 131.092895185
191, 1, 1320, 547, 83, 98.9155481853
191, 2, 1364, 364, 86, 102.490808963
191, 3, 333, 1158, 128, 152.544459852
191, 4, 1705, 1136, 147, 175.187778111
191, 5, 1531, 1469, 139, 165.653749371
192, 0, 720, 611, 111, 132.284648778
192, 1, 1302, 549, 84, 100.107301778
192, 2, 1350, 349, 86, 102.490808963
192, 3, 339, 1157, 133, 158.503227815
192, 4, 1715, 1119, 147, 175.187778111
192, 5, 1512, 1473, 136, 162.078488593
193, 0, 734, 621, 109, 129.901141593
193, 1, 1287, 538, 83, 98.9155481853
193, 2, 1338, 333, 82, 97.7237945927
193, 3, 345, 1149, 132, 157.311474222
193, 4, 1721, 1100, 146, 173.996024519
193, 5, 1494, 1480, 138, 164.461995778
194, 0, 745, 637, 111, 132.284648778
194, 1, 1274, 523, 87, 103.682562556
194, 2, 1325, 318, 83, 98.9155481853
194, 3, 337, 1132, 131, 156.11972063
194, 4, 1725, 1081, 144, 171.612517334
194, 5, 1477, 1489, 136, 162.078488593
195, 0, 760, 645, 110, 131.092895185
195, 1, 1257, 514, 85, 101.299055371
195, 2, 1317, 301, 82, 97.7237945927
195, 3, 326, 1115, 132, 157.311474222
195, 4, 1724, 1062, 144, 171.612517334
195, 5, 1459, 1497, 135, 160.886735
196, 0, 779, 648, 109, 129.901141593
196, 1, 1241, 503, 82, 97.7237945927
196, 2, 1314, 282, 84, 100.107301778
196, 3, 317, 1097, 133, 158.503227815
196, 4, 1711, 1053, 149, 177.571285297
196, 5, 1444, 1508, 135, 160.886735
197, 0, 793, 658, 108, 128.709388
197, 1, 1224, 496, 83, 98.9155481853
197, 2, 1301, 271, 82, 97.7237945927
197, 3, 311, 1078, 134, 159.694981408
197, 4, 1693, 1058, 144, 171.612517334
197, 5, 1432, 1504, 136, 162.078488593
198, 0, 805, 672, 106, 126.325880815
198, 1, 1209, 486, 82, 97.7237945927
198, 2, 1303, 264, 87, 103.682562556
198, 3, 297, 1073, 138, 164.461995778
198, 4, 1675, 1067, 143, 170.420763741
198, 5, 1416, 1492, 141, 168.037256556
199, 0, 821, 682, 105, 125.134127222
199, 1, 1197, 470, 82, 97.7237945927
199, 2, 1298, 257, 82, 97.7237945927
199, 3, 289, 1063, 133, 158.503227815
199, 4, 1656, 1073, 141, 168.037256556
199, 5, 1408, 1477, 141, 168.037256556
200, 0, 838, 690, 103, 122.750620037
200, 1, 1183, 455, 82, 97.7237945927
200, 2, 1279, 250, 82, 97.7237945927
200, 3, 290, 1044, 134, 159.694981408
200, 4, 1638, 1079, 137, 163.270242185
200, 5, 1407, 1458, 144, 171.612517334
201, 0, 844, 682, 107, 127.517634408
201, 1, 1166, 446, 82, 97.7237945927
201, 2, 1279, 237, 83, 98.9155481853
201, 3, 285, 1026, 135, 160.886735
201, 4, 1619, 1085, 138, 164.461995778
201, 5, 1400, 1440, 149, 177.571285297
202, 0, 845, 663, 104, 123.94237363
202, 1, 1153, 433, 82, 97.7237945927
202, 2, 1283, 219, 88, 104.874316148
202, 3, 284, 1007, 137, 163.270242185
202, 4, 1601, 1091, 133, 158.503227815
202, 5, 1385, 1429, 144, 171.612517334
203, 0, 846, 666, 99, 117.983605667
203, 1, 1138, 425, 83, 98.9155481853
203, 2, 1291, 203, 87, 103.682562556
203, 3, 287, 988, 138, 164.461995778
203, 4, 1584, 1100, 136, 162.078488593
203, 5, 1367, 1422, 145, 172.804270926
204, 0, 844, 662, 104, 123.94237363
204, 1, 1123, 414, 82, 97.7237945927
204, 2, 1305, 190, 87, 103.682562556
204, 3, 281, 970, 137, 163.270242185
204, 4, 1576, 1115, 141, 168.037256556
204, 5, 1354, 1429, 143, 170.420763741
205, 0, 841, 643, 103, 122.750620037
205, 1, 1107, 404, 82, 97.7237945927
205, 2, 1322, 182, 86, 102.490808963
205, 3, 277, 951, 138, 164.461995778
205, 4, 1572, 1134, 145, 172.804270926
205, 5, 1340, 1429, 143, 170.420763741
206, 0, 836, 624, 101, 120.367112852
206, 1, 1088, 399, 83, 98.9155481853
206, 2, 1340, 175, 87, 103.682562556
206, 3, 272, 932, 136, 162.078488593
206, 4, 1562, 1150, 150, 178.763038889
206, 5, 1327, 1435, 141, 168.037256556
207, 0, 828, 606, 100, 119.175359259
207, 1, 1074, 387, 82, 97.7237945927
207, 2, 1358, 167, 87, 103.682562556
207, 3, 271, 913, 137, 163.270242185
207, 4, 1552, 1166, 149, 177.571285297
207, 5, 1314, 1449, 141, 168.037256556
208, 0, 821, 587, 99, 117.983605667
208, 1, 1058, 380, 85, 101.299055371
208, 2, 1375, 158, 88, 104.874316148
208, 3, 267, 895, 136, 162.078488593
208, 4, 1547, 1184, 153, 182.338299667
208, 5, 1300, 1462, 136, 162.078488593
209, 0, 816, 568, 97, 115.600098482
209, 1, 1044, 370, 82, 97.7237945927
209, 2, 1393, 154, 85, 101.299055371
209, 3, 270, 879, 137, 163.270242185
209, 4, 1545, 1203, 152, 181.146546074
209, 5, 1290, 1478, 134, 159.694981408
210, 0, 809, 549, 96, 114.408344889
210, 1, 1031, 355, 82, 97.7237945927
210, 2, 1412, 153, 85, 101.299055371
210, 3, 277, 861, 138, 164.461995778
210, 4, 1553, 1218, 152, 181.146546074
210, 5, 1276, 1490, 131, 156.11972063
211, 0, 803, 530, 95, 113.216591296
211, 1, 1020, 339, 83, 98.9155481853
211, 2, 1431, 153, 82, 97.7237945927
211, 3, 282, 842, 136, 162.078488593
211, 4, 1568, 1229, 149, 177.571285297
211, 5, 1268, 1504, 130, 154.927967037
212, 0, 795, 512, 94, 112.024837704
212, 1, 1006, 326, 82, 97.7237945927
212, 2, 1450, 155, 82, 97.7237945927
212, 3, 293, 827, 139, 165.653749371
212, 4, 1584, 1240, 149, 177.571285297
212, 5, 1256, 1516, 126, 150.160952667
213, 0, 785, 495, 92, 109.641330519
213, 1, 987, 320, 83, 98.9155481853
213, 2, 1468, 160, 83, 98.9155481853
213, 3, 294, 811, 136, 162.078488593
213, 4, 1598, 1252, 151, 179.954792482
213, 5, 1241, 1527, 123, 146.585691889
214, 0, 773, 479, 91, 108.449576926
214, 1, 970, 311, 82, 97.7237945927
214, 2, 1486, 161, 82, 97.7237945927
214, 3, 296, 793, 134, 159.694981408
214, 4, 1612, 1265, 149, 177.571285297
214, 5, 1224, 1531, 122, 145.393938296
215, 0, 760, 464, 92, 109.641330519
215, 1, 952, 308, 85, 101.299055371
215, 2, 1505, 161, 82, 97.7237945927
215, 3, 302, 775, 133, 158.503227815
215, 4, 1626, 1277, 147, 175.187778111
215, 5, 1205, 1532, 119, 141.818677519
216, 0, 746, 449, 92, 109.641330519
216, 1, 933, 310, 85, 101.299055371
216, 2, 1514, 173, 86, 102.490808963
216, 3, 304, 756, 132, 157.311474222
216, 4, 1640, 1289, 150, 178.763038889
216, 5, 1186, 1532, 118, 140.626923926
217, 0, 732, 435, 94, 112.024837704
217, 1, 915, 315, 85, 101.299055371
217, 2, 1518, 191, 88, 104.874316148
217, 3, 298, 738, 129, 153.736213445
217, 4, 1654, 1301, 152, 181.146546074
217, 5, 1169, 1538, 117, 139.435170334
218, 0, 716, 424, 97, 115.600098482
218, 1, 896, 321, 86, 102.490808963
218, 2, 1525, 208, 88, 104.874316148
218, 3, 290, 720, 127, 151.352706259
218, 4, 1670, 1311, 154, 183.53005326
218, 5, 1152, 1538, 118, 140.626923926
219, 0, 697, 418, 100, 119.175359259
219, 1, 882, 333, 83, 98.9155481853
219, 2, 1532, 225, 89, 106.066069741
219, 3, 280, 703, 124, 147.777445482
219, 4, 1684, 1323, 155, 184.721806852
219, 5, 1135, 1542, 116, 138.243416741
220, 0, 683, 426, 102, 121.558866445
220, 1, 870, 348, 83, 98.9155481853
220, 2, 1540, 242, 89, 106.066069741
220, 3, 274, 685, 125, 148.969199074
220, 4, 1698, 1336, 157, 187.105314037
220, 5, 1120, 1554, 114, 135.859909556
221, 0, 673, 442, 104, 123.94237363
221, 1, 858, 363, 83, 98.9155481853
221, 2, 1555, 247, 84, 100.107301778
221, 3, 270, 666, 127, 151.352706259
221, 4, 1713, 1348, 159, 189.488821222
221, 5, 1105, 1566, 112, 133.476402371
222, 0, 662, 457, 105, 125.134127222
222, 1, 847, 379, 84, 100.107301778
222, 2, 1559, 257, 86, 102.490808963
222, 3, 268, 647, 131, 156.11972063
222, 4, 1727, 1360, 161, 191.872328408
222, 5, 1090, 1578, 109, 129.901141593
223, 0, 651, 473, 107, 127.517634408
223, 1, 838, 396, 82, 97.7237945927
223, 2, 1568, 262, 82, 97.7237945927
223, 3, 268, 628, 135, 160.886735
223, 4, 1741, 1373, 162, 193.064082
223, 5, 1085, 1594, 109, 129.901141593
224, 0, 658, 484, 102, 121.558866445
224, 1, 830, 413, 83, 98.9155481853
224, 2, 1574, 272, 87, 103.682562556
224, 3, 275, 610, 137, 163.270242185
224, 4, 1755, 1385, 163, 194.255835593
224, 5, 1078, 1610, 105, 125.134127222
225, 0, 676, 492, 97, 115.600098482
225, 1, 819, 428, 82, 97.7237945927
225, 2, 1565, 288, 90, 107.257823333
225, 3, 272, 594, 139, 165.653749371
225, 4, 1770, 1397, 163, 194.255835593
225, 5, 1073, 1627, 104, 123.94237363
226, 0, 694, 497, 94, 112.024837704
226, 1, 806, 442, 83, 98.9155481853
226, 2, 1549, 299, 88, 104.874316148
226, 3, 260, 578, 143, 170.420763741
226, 4, 1785, 1409, 162, 193.064082
226, 5, 1074, 1646, 100, 119.175359259
227, 0, 713, 500, 92, 109.641330519
227, 1, 795, 458, 83, 98.9155481853
227, 2, 1530, 300, 83, 98.9155481853
227, 3, 246, 579, 148, 176.379531704
227, 4, 1800, 1419, 163, 194.255835593
227, 5, 1073, 1665, 96, 114.408344889
228, 0, 730, 507, 93, 110.833084111
228, 1, 785, 475, 85, 101.299055371
228, 2, 1516, 308, 88, 104.874316148
228, 3, 230, 590, 148, 176.379531704
228, 4, 1813, 1432, 163, 194.255835593
228, 5, 1072, 1684, 94, 112.024837704
229, 0, 744, 519, 94, 112.024837704
229, 1, 776, 492, 87, 103.682562556
229, 2, 1507, 325, 90, 107.257823333
229, 3, 218, 604, 145, 172.804270926
229, 4, 1827, 1444, 161, 191.872328408
229, 5, 1083, 1692, 90, 107.257823333
230, 0, 745, 536, 98, 116.791852074
230, 1, 771, 510, 90, 107.257823333
230, 2, 1492, 334, 86, 102.490808963
230, 3, 211, 622, 142, 169.229010148
230, 4, 1843, 1455, 161, 191.872328408
230, 5, 1080, 1697, 91, 108.449576926
231, 0, 736, 553, 98, 116.791852074
231, 1, 764, 527, 92, 109.641330519
231, 2, 1476, 344, 87, 103.682562556
231, 3, 204, 640, 139, 165.653749371
231, 4, 1859, 1464, 159, 189.488821222
231, 5, 1064, 1707, 89, 106.066069741
232, 0, 725, 569, 101, 120.367112852
232, 1, 760, 545, 94, 112.024837704
232, 2, 1464, 359, 86, 102.490808963
232, 3, 199, 658, 137, 163.270242185
232, 4, 1874, 1475, 157, 187.105314037
232, 5, 1046, 1713, 86, 102.490808963
233, 0, 730, 580, 104, 123.94237363
233, 1, 751, 545, 99, 117.983605667
233, 2, 1453, 355, 90, 107.257823333
233, 3, 198, 677, 133, 158.503227815
233, 4, 1886, 1489, 157, 187.105314037
233, 5, 1027, 1716, 86, 102.490808963
234, 0, 748, 581, 101, 120.367112852
234, 1, 739, 550, 98, 116.791852074
234, 2, 1446, 337, 90, 107.257823333
234, 3, 199, 696, 128, 152.544459852
234, 4, 1896, 1505, 152, 181.146546074
234, 5, 1012, 1727, 85, 101.299055371
235, 0, 766, 583, 101, 120.367112852
235, 1, 733, 568, 101, 120.367112852
235, 2, 1446, 340, 85, 101.299055371
235, 3, 201, 715, 124, 147.777445482
235, 4, 1905, 1522, 152, 181.146546074
235, 5, 995, 1734, 83, 98.9155481853
236, 0, 784, 583, 98, 116.791852074
236, 1, 729, 587, 104, 123.94237363
236, 2, 1444, 336, 90, 107.257823333
236, 3, 203, 734, 119, 141.818677519
236, 4, 1913, 1539, 150, 178.763038889
236, 5, 976, 1734, 84, 100.107301778
237, 0, 803, 578, 95, 113.216591296
237, 1, 718, 602, 109, 129.901141593
237, 2, 1437, 317, 89, 106.066069741
237, 3, 206, 753, 119, 141.818677519
237, 4, 1920, 1557, 148, 176.379531704
237, 5, 957, 1731, 84, 100.107301778
238, 0, 822, 579, 93, 110.833084111
238, 1, 711, 618, 111, 132.284648778
238, 2, 1432, 298, 90, 107.257823333
238, 3, 216, 766, 122, 145.393938296
238, 4, 1925, 1575, 146, 173.996024519
238, 5, 939, 1736, 82, 97.7237945927
239, 0, 840, 577, 90, 107.257823333
239, 1, 709, 637, 114, 135.859909556
239, 2, 1424, 280, 87, 103.682562556
239, 3, 230, 778, 127, 151.352706259
239, 4, 1932, 1592, 143, 170.420763741
239, 5, 932, 1729, 84, 100.107301778
240, 0, 857, 569, 88, 104.874316148
240, 1, 704, 655, 116, 138.243416741
240, 2, 1414, 263, 87, 103.682562556
240, 3, 242, 792, 129, 153.736213445
240, 4, 1941, 1609, 139, 165.653749371
240, 5, 921, 1725, 83, 98.9155481853
241, 0, 875, 565, 86, 102.490808963
241, 1, 704, 673, 121, 144.202184704
241, 2, 1403, 246, 84, 100.107301778
241, 3, 250, 808, 131, 156.11972063
241, 4, 1948, 1626, 137, 163.270242185
241, 5, 903, 1723, 84, 100.107301778
242, 0, 889, 556, 84, 100.107301778
242, 1, 700, 690, 121, 144.202184704
242, 2, 1405, 249, 82, 97.7237945927
242, 3, 253, 826, 131, 156.11972063
242, 4, 1954, 1644, 134, 159.694981408
242, 5, 886, 1727, 83, 98.9155481853
243, 0, 902, 542, 84, 100.107301778
243, 1, 692, 707, 124, 147.777445482
243, 2, 1398, 253, 85, 101.299055371
243, 3, 255, 845, 132, 157.311474222
243, 4, 1960, 1663, 131, 156.11972063
243, 5, 871, 1739, 82, 97.7237945927
244, 0, 918, 532, 84, 100.107301778
244, 1, 694, 724, 127, 151.352706259
244, 2, 1379, 256, 89, 106.066069741
244, 3, 252, 863, 134, 159.694981408
244, 4, 1965, 1682, 127, 151.352706259
244, 5, 854, 1748, 82, 97.7237945927
245, 0, 931, 519, 83, 98.9155481853
245, 1, 709, 733, 126, 150.160952667
245, 2, 1373, 270, 84, 100.107301778
245, 3, 237, 871, 138, 164.461995778
245, 4, 1968, 1701, 125, 148.969199074
245, 5, 835, 1753, 82, 97.7237945927
246, 0, 943, 504, 82, 97.7237945927
246, 1, 728, 734, 125, 148.969199074
246, 2, 1378, 288, 84, 100.107301778
246, 3, 229, 883, 133, 158.503227815
246, 4, 1971, 1720, 121, 144.202184704
246, 5, 834, 1763, 86, 102.490808963
247, 0, 954, 488, 85, 101.299055371
247, 1, 747, 733, 123, 146.585691889
247, 2, 1388, 303, 82, 97.7237945927
247, 3, 227, 902, 131, 156.11972063
247, 4, 1973, 1739, 118, 140.626923926
247, 5, 828, 1772, 83, 98.9155481853
248, 0, 959, 470, 82, 97.7237945927
248, 1, 765, 728, 118, 140.626923926
248, 2, 1401, 316, 83, 98.9155481853
248, 3, 214, 906, 136, 162.078488593
248, 4, 1974, 1758, 115, 137.051663148
248, 5, 810, 1779, 84, 100.107301778
249, 0, 956, 451, 82, 97.7237945927
249, 1, 783, 724, 116, 138.243416741
249, 2, 1404, 332, 83, 98.9155481853
249, 3, 206, 915, 131, 156.11972063
249, 4, 1975, 1777, 111, 132.284648778
249, 5, 791, 1781, 86, 102.490808963
