0, 0, 10, 4, 65, 77.4639835186
1, 0, 28, 11, 70, 83.4227514816
2, 0, 46, 18, 75, 89.3815194446
3, 0, 64, 25, 80, 95.3402874075
4, 0, 82, 32, 85, 101.299055371
5, 0, 100, 39, 90, 107.257823333
6, 0, 118, 46, 90, 107.257823333
7, 0, 136, 48, 90, 107.257823333
8, 0, 155, 48, 90, 107.257823333
9, 0, 174, 48, 90, 107.257823333
10, 0, 193, 48, 90, 107.257823333
11, 0, 212, 48, 90, 107.257823333
12, 0, 231, 48, 90, 107.257823333
13, 0, 250, 48, 90, 107.257823333
14, 0, 269, 48, 90, 107.257823333
15, 0, 288, 48, 90, 107.257823333
16, 0, 307, 48, 90, 107.257823333
17, 0, 326, 48, 90, 107.257823333
18, 0, 345, 48, 90, 107.257823333
19, 0, 364, 48, 90, 107.257823333
20, 0, 383, 48, 90, 107.257823333
21, 0, 402, 48, 90, 107.257823333
22, 0, 421, 48, 90, 107.257823333
23, 0, 440, 48, 90, 107.257823333
24, 0, 459, 48, 91, 108.449576926
25, 0, 478, 48, 91, 108.449576926
26, 0, 497, 48, 91, 108.449576926
27, 0, 516, 48, 91, 108.449576926
28, 0, 535, 48, 90, 107.257823333
29, 0, 554, 48, 90, 107.257823333
30, 0, 573, 48, 90, 107.257823333
31, 0, 592, 48, 90, 107.257823333
32, 0, 611, 48, 90, 107.257823333
33, 0, 630, 48, 90, 107.257823333
34, 0, 649, 48, 90, 107.257823333
35, 0, 668, 48, 90, 107.257823333
36, 0, 687, 48, 91, 108.449576926
37, 0, 706, 48, 94, 112.024837704
38, 0, 725, 48, 99, 117.983605667
39, 0, 744, 48, 104, 123.94237363
40, 0, 763, 48, 109, 129.901141593
41, 0, 781, 52, 114, 135.859909556
42, 0, 799, 54, 119, 141.818677519
43, 0, 817, 58, 124, 147.777445482
44, 0, 835, 60, 129, 153.736213445
45, 0, 854, 60, 134, 159.694981408
46, 0, 865, 70, 139, 165.653749371
47, 0, 872, 88, 144, 171.612517334
48, 0, 879, 106, 149, 177.571285297
49, 0, 881, 124, 154, 183.53005326
50, 0, 881, 143, 159, 189.488821222
51, 0, 881, 162, 159, 189.488821222
52, 0, 881, 181, 158, 188.29706763
53, 0, 881, 200, 157, 187.105314037
54, 0, 870, 211, 153, 182.338299667
55, 0, 862, 225, 150, 178.763038889
56, 0, 866, 243, 147, 175.187778111
57, 0, 868, 261, 143, 170.420763741
58, 0, 872, 279, 139, 165.653749371
59, 0, 867, 294, 134, 159.694981408
60, 0, 854, 308, 129, 153.736213445
61, 0, 848, 325, 124, 147.777445482
62, 0, 837, 336, 119, 141.818677519
63, 0, 818, 338, 114, 135.859909556
64, 0, 799, 338, 109, 129.901141593
65, 0, 780, 338, 104, 123.94237363
66, 0, 761, 338, 99, 117.983605667
67, 0, 742, 333, 98, 116.791852074
68, 0, 724, 334, 103, 122.750620037
69, 0, 712, 347, 108, 128.709388
70, 0, 709, 365, 111, 132.284648778
71, 0, 709, 384, 110, 131.092895185
72, 0, 698, 395, 113, 134.668155963
73, 0, 695, 408, 113, 134.668155963
74, 0, 702, 426, 118, 140.626923926
75, 0, 709, 444, 123, 146.585691889
76, 0, 720, 459, 128, 152.544459852
77, 0, 734, 472, 133, 158.503227815
78, 0, 750, 481, 134, 159.694981408
79, 0, 768, 488, 133, 158.503227815
80, 0, 783, 498, 133, 158.503227815
81, 0, 799, 507, 131, 156.11972063
82, 0, 817, 509, 127, 151.352706259
83, 0, 824, 520, 127, 151.352706259
84, 0, 834, 531, 126, 150.160952667
85, 0, 852, 533, 121, 144.202184704
86, 0, 870, 537, 116, 138.243416741
87, 0, 885, 531, 111, 132.284648778
88, 0, 894, 514, 106, 126.325880815
89, 0, 901, 496, 101, 120.367112852
90, 0, 908, 478, 96, 114.408344889
91, 0, 910, 482, 92, 109.641330519
92, 0, 914, 478, 91, 108.449576926
93, 0, 916, 459, 90, 107.257823333
94, 0, 920, 440, 90, 107.257823333
95, 0, 927, 422, 92, 109.641330519
96, 0, 929, 403, 97, 115.600098482
97, 0, 929, 384, 102, 121.558866445
98, 0, 929, 365, 107, 127.517634408
99, 0, 929, 346, 112, 133.476402371
100, 0, 929, 327, 117, 139.435170334
101, 0, 929, 308, 122, 145.393938296
102, 0, 929, 289, 127, 151.352706259
103, 0, 929, 270, 132, 157.311474222
104, 0, 929, 250, 137, 163.270242185
105, 0, 929, 231, 142, 169.229010148
106, 0, 929, 212, 147, 175.187778111
107, 0, 929, 193, 152, 181.146546074
108, 0, 929, 174, 157, 187.105314037
109, 0, 920, 158, 162, 193.064082
110, 0, 903, 148, 162, 193.064082
111, 0, 885, 149, 160, 190.680574815
112, 0, 867, 156, 157, 187.105314037
113, 0, 848, 158, 153, 182.338299667
114, 0, 829, 158, 148, 176.379531704
115, 0, 810, 158, 143, 170.420763741
116, 0, 791, 158, 138, 164.461995778
117, 0, 772, 162, 133, 158.503227815
118, 0, 753, 164, 128, 152.544459852
119, 0, 734, 168, 123, 146.585691889
120, 0, 722, 160, 118, 140.626923926
121, 0, 708, 148, 113, 134.668155963
122, 0, 689, 145, 108, 128.709388
123, 0, 670, 149, 103, 122.750620037
124, 0, 662, 163, 102, 121.558866445
125, 0, 651, 174, 107, 127.517634408
126, 0, 633, 181, 112, 133.476402371
127, 0, 618, 192, 117, 139.435170334
128, 0, 605, 206, 122, 145.393938296
129, 0, 592, 220, 127, 151.352706259
130, 0, 579, 234, 132, 157.311474222
131, 0, 566, 248, 137, 163.270242185
132, 0, 553, 262, 142, 169.229010148
133, 0, 543, 278, 147, 175.187778111
134, 0, 536, 296, 152, 181.146546074
135, 0, 529, 314, 157, 187.105314037
136, 0, 522, 332, 162, 193.064082
137, 0, 515, 350, 164, 195.447589185
138, 0, 512, 368, 163, 194.255835593
139, 0, 504, 384, 162, 193.064082
140, 0, 488, 393, 162, 193.064082
141, 0, 473, 404, 161, 191.872328408
142, 0, 460, 418, 158, 188.29706763
143, 0, 454, 435, 155, 184.721806852
144, 0, 458, 453, 151, 179.954792482
145, 0, 456, 471, 146, 173.996024519
146, 0, 453, 489, 141, 168.037256556
147, 0, 457, 507, 136, 162.078488593
148, 0, 452, 522, 131, 156.11972063
149, 0, 436, 531, 126, 150.160952667
150, 0, 424, 544, 121, 144.202184704
151, 0, 410, 555, 116, 138.243416741
152, 0, 391, 557, 111, 132.284648778
153, 0, 375, 565, 106, 126.325880815
154, 0, 365, 581, 101, 120.367112852
155, 0, 362, 599, 96, 114.408344889
156, 0, 362, 618, 91, 108.449576926
157, 0, 351, 629, 90, 107.257823333
158, 0, 343, 643, 90, 107.257823333
159, 0, 347, 661, 90, 107.257823333
160, 0, 354, 679, 90, 107.257823333
161, 0, 365, 694, 90, 107.257823333
162, 0, 381, 703, 90, 107.257823333
163, 0, 399, 710, 91, 108.449576926
164, 0, 417, 717, 94, 112.024837704
165, 0, 435, 719, 99, 117.983605667
166, 0, 454, 719, 104, 123.94237363
167, 0, 473, 719, 109, 129.901141593
168, 0, 492, 719, 114, 135.859909556
169, 0, 511, 719, 119, 141.818677519
170, 0, 530, 719, 124, 147.777445482
171, 0, 549, 719, 129, 153.736213445
172, 0, 568, 719, 134, 159.694981408
173, 0, 587, 719, 139, 165.653749371
174, 0, 606, 719, 144, 171.612517334
175, 0, 624, 723, 149, 177.571285297
176, 0, 642, 730, 154, 183.53005326
177, 0, 660, 737, 155, 184.721806852
178, 0, 678, 744, 154, 183.53005326
179, 0, 696, 746, 153, 182.338299667
180, 0, 714, 750, 151, 179.954792482
181, 0, 729, 760, 146, 173.996024519
182, 0, 745, 760, 144, 171.612517334
183, 0, 763, 756, 142, 169.229010148
184, 0, 779, 763, 137, 163.270242185
185, 0, 795, 763, 132, 157.311474222
186, 0, 813, 759, 128, 152.544459852
187, 0, 832, 759, 123, 146.585691889
188, 0, 843, 769, 118, 140.626923926
189, 0, 857, 776, 113, 134.668155963
190, 0, 876, 776, 108, 128.709388
191, 0, 892, 783, 103, 122.750620037
192, 0, 901, 799, 98, 116.791852074
193, 0, 908, 817, 93, 110.833084111
194, 0, 915, 835, 90, 107.257823333
195, 0, 922, 853, 90, 107.257823333
196, 0, 929, 871, 90, 107.257823333
197, 0, 931, 889, 90, 107.257823333
198, 0, 922, 905, 90, 107.257823333
199, 0, 905, 914, 90, 107.257823333
200, 0, 887, 921, 90, 107.257823333
201, 0, 869, 928, 90, 107.257823333
202, 0, 850, 930, 90, 107.257823333
203, 0, 831, 930, 90, 107.257823333
204, 0, 812, 930, 90, 107.257823333
205, 0, 793, 930, 90, 107.257823333
206, 0, 774, 930, 90, 107.257823333
207, 0, 755, 930, 90, 107.257823333
208, 0, 736, 930, 90, 107.257823333
209, 0, 717, 930, 90, 107.257823333
210, 0, 698, 930, 90, 107.257823333
211, 0, 679, 930, 90, 107.257823333
212, 0, 660, 930, 90, 107.257823333
213, 0, 641, 930, 90, 107.257823333
214, 0, 622, 930, 90, 107.257823333
215, 0, 603, 930, 90, 107.257823333
216, 0, 584, 930, 90, 107.257823333
217, 0, 565, 930, 90, 107.257823333
218, 0, 546, 925, 90, 107.257823333
219, 0, 527, 922, 90, 107.257823333
220, 0, 508, 917, 90, 107.257823333
221, 0, 490, 918, 90, 107.257823333
222, 0, 472, 925, 90, 107.257823333
223, 0, 453, 927, 90, 107.257823333
224, 0, 434, 927, 90, 107.257823333
225, 0, 415, 927, 90, 107.257823333
226, 0, 396, 927, 90, 107.257823333
227, 0, 377, 927, 90, 107.257823333
228, 0, 358, 927, 90, 107.257823333
229, 0, 339, 927, 90, 107.257823333
230, 0, 320, 927, 90, 107.257823333
231, 0, 301, 927, 90, 107.257823333
232, 0, 282, 927, 90, 107.257823333
233, 0, 263, 927, 90, 107.257823333
234, 0, 244, 927, 90, 107.257823333
235, 0, 225, 927, 90, 107.257823333
236, 0, 206, 927, 90, 107.257823333
237, 0, 187, 927, 90, 107.257823333
238, 0, 168, 927, 90, 107.257823333
239, 0, 149, 927, 90, 107.257823333
240, 0, 130, 927, 90, 107.257823333
241, 0, 111, 927, 90, 107.257823333
242, 0, 92, 927, 90, 107.257823333
243, 0, 84, 915, 90, 107.257823333
244, 0, 79, 896, 90, 107.257823333
245, 0, 72, 878, 90, 107.257823333
246, 0, 69, 859, 90, 107.257823333
247, 0, 69, 840, 90, 107.257823333
248, 0, 69, 821, 90, 107.257823333
249, 0, 73, 802, 90, 107.257823333
250, 0, 75, 783, 90, 107.257823333
251, 0, 85, 770, 90, 107.257823333
252, 0, 103, 766, 90, 107.257823333
253, 0, 122, 766, 90, 107.257823333
254, 0, 141, 766, 90, 107.257823333
255, 0, 160, 766, 90, 107.257823333
256, 0, 167, 754, 90, 107.257823333
257, 0, 167, 735, 90, 107.257823333
258, 0, 171, 716, 90, 107.257823333
259, 0, 169, 698, 90, 107.257823333
260, 0, 157, 683, 90, 107.257823333
261, 0, 147, 667, 90, 107.257823333
262, 0, 133, 655, 90, 107.257823333
263, 0, 114, 652, 90, 107.257823333
264, 0, 95, 652, 90, 107.257823333
265, 0, 83, 641, 90, 107.257823333
266, 0, 76, 623, 90, 107.257823333
267, 0, 77, 605, 90, 107.257823333
268, 0, 84, 587, 90, 107.257823333
269, 0, 82, 569, 90, 107.257823333
270, 0, 75, 551, 90, 107.257823333
271, 0, 76, 533, 90, 107.257823333
272, 0, 83, 515, 90, 107.257823333
273, 0, 81, 497, 90, 107.257823333
274, 0, 74, 479, 90, 107.257823333
275, 0, 75, 461, 90, 107.257823333
276, 0, 82, 443, 90, 107.257823333
277, 0, 80, 425, 90, 107.257823333
278, 0, 73, 407, 90, 107.257823333
279, 0, 70, 388, 90, 107.257823333
280, 0, 70, 369, 90, 107.257823333
281, 0, 70, 350, 90, 107.257823333
282, 0, 80, 337, 90, 107.257823333
283, 0, 83, 323, 90, 107.257823333
284, 0, 76, 305, 90, 107.257823333
285, 0, 73, 286, 90, 107.257823333
286, 0, 73, 267, 90, 107.257823333
287, 0, 73, 247, 90, 107.257823333
288, 0, 73, 228, 90, 107.257823333
289, 0, 73, 209, 90, 107.257823333
290, 0, 73, 190, 90, 107.257823333
291, 0, 73, 171, 90, 107.257823333
292, 0, 73, 152, 90, 107.257823333
293, 0, 73, 133, 90, 107.257823333
294, 0, 73, 114, 90, 107.257823333
295, 0, 73, 95, 90, 107.257823333
296, 0, 84, 87, 90, 107.257823333
297, 0, 102, 82, 90, 107.257823333
298, 0, 120, 74, 90, 107.257823333
299, 0, 138, 70, 90, 107.257823333
300, 0, 154, 77, 90, 107.257823333
301, 0, 168, 90, 90, 107.257823333
302, 0, 184, 90, 90, 107.257823333
303, 0, 202, 82, 90, 107.257823333
304, 0, 220, 74, 90, 107.257823333
305, 0, 235, 78, 90, 107.257823333
306, 0, 244, 94, 90, 107.257823333
307, 0, 251, 112, 90, 107.257823333
308, 0, 265, 119, 90, 107.257823333
309, 0, 281, 126, 90, 107.257823333
310, 0, 290, 142, 93, 110.833084111
311, 0, 301, 157, 98, 116.791852074
312, 0, 302, 173, 103, 122.750620037
313, 0, 295, 191, 105, 125.134127222
314, 0, 288, 209, 107, 127.517634408
315, 0, 281, 227, 109, 129.901141593
316, 0, 274, 245, 109, 129.901141593
317, 0, 267, 263, 109, 129.901141593
318, 0, 260, 281, 109, 129.901141593
319, 0, 253, 299, 107, 127.517634408
320, 0, 250, 317, 107, 127.517634408
321, 0, 250, 336, 107, 127.517634408
322, 0, 250, 355, 107, 127.517634408
323, 0, 250, 374, 106, 126.325880815
324, 0, 250, 393, 104, 123.94237363
325, 0, 250, 412, 102, 121.558866445
326, 0, 250, 431, 100, 119.175359259
327, 0, 245, 449, 96, 114.408344889
328, 0, 242, 467, 93, 110.833084111
329, 0, 242, 486, 91, 108.449576926
330, 0, 250, 501, 91, 108.449576926
331, 0, 266, 510, 92, 109.641330519
332, 0, 284, 512, 95, 113.216591296
333, 0, 303, 512, 100, 119.175359259
334, 0, 321, 507, 105, 125.134127222
335, 0, 336, 495, 110, 131.092895185
336, 0, 349, 481, 115, 137.051663148
337, 0, 362, 467, 120, 143.010431111
338, 0, 375, 453, 125, 148.969199074
339, 0, 388, 439, 130, 154.927967037
340, 0, 401, 425, 135, 160.886735
341, 0, 410, 408, 140, 166.845502963
342, 0, 417, 390, 145, 172.804270926
343, 0, 424, 372, 150, 178.763038889
344, 0, 431, 354, 155, 184.721806852
345, 0, 438, 336, 160, 190.680574815
346, 0, 445, 318, 163, 194.255835593
347, 0, 452, 300, 163, 194.255835593
348, 0, 454, 281, 161, 191.872328408
349, 0, 454, 262, 159, 189.488821222
350, 0, 454, 243, 156, 185.913560445
351, 0, 454, 224, 152, 181.146546074
352, 0, 454, 205, 147, 175.187778111
353, 0, 454, 186, 142, 169.229010148
354, 0, 454, 167, 137, 163.270242185
355, 0, 464, 154, 132, 157.311474222
356, 0, 479, 142, 127, 151.352706259
357, 0, 492, 128, 122, 145.393938296
358, 0, 508, 117, 117, 139.435170334
359, 0, 526, 113, 112, 133.476402371
360, 0, 544, 108, 107, 127.517634408
361, 0, 562, 104, 103, 122.750620037
362, 0, 580, 99, 99, 117.983605667
363, 0, 598, 95, 95, 113.216591296
364, 0, 617, 95, 93, 110.833084111
365, 0, 628, 105, 93, 110.833084111
366, 0, 642, 112, 93, 110.833084111
367, 0, 660, 107, 91, 108.449576926
368, 0, 675, 95, 91, 108.449576926
369, 0, 691, 84, 93, 110.833084111
370, 0, 709, 76, 97, 115.600098482
371, 0, 727, 72, 102, 121.558866445
372, 0, 746, 72, 107, 127.517634408
373, 0, 765, 72, 112, 133.476402371
374, 0, 784, 72, 117, 139.435170334
375, 0, 803, 72, 122, 145.393938296
376, 0, 822, 72, 127, 151.352706259
377, 0, 841, 72, 132, 157.311474222
378, 0, 857, 79, 137, 163.270242185
379, 0, 866, 95, 142, 169.229010148
380, 0, 873, 113, 147, 175.187778111
381, 0, 880, 131, 152, 181.146546074
382, 0, 882, 149, 157, 187.105314037
383, 0, 882, 168, 159, 189.488821222
384, 0, 874, 184, 157, 187.105314037
385, 0, 861, 198, 153, 182.338299667
386, 0, 851, 214, 149, 177.571285297
387, 0, 844, 232, 144, 171.612517334
388, 0, 829, 239, 139, 165.653749371
389, 0, 810, 243, 134, 159.694981408
390, 0, 792, 250, 129, 153.736213445
391, 0, 780, 263, 124, 147.777445482
392, 0, 773, 281, 119, 141.818677519
393, 0, 770, 299, 114, 135.859909556
394, 0, 770, 318, 109, 129.901141593
395, 0, 770, 337, 104, 123.94237363
396, 0, 759, 348, 99, 117.983605667
397, 0, 747, 361, 96, 114.408344889
398, 0, 735, 376, 100, 119.175359259
399, 0, 729, 393, 102, 121.558866445
400, 0, 729, 412, 107, 127.517634408
401, 0, 729, 431, 112, 133.476402371
402, 0, 733, 449, 117, 139.435170334
403, 0, 744, 464, 122, 145.393938296
404, 0, 760, 473, 127, 151.352706259
405, 0, 778, 480, 128, 152.544459852
406, 0, 796, 487, 126, 150.160952667
407, 0, 811, 497, 125, 148.969199074
408, 0, 827, 506, 122, 145.393938296
409, 0, 845, 504, 117, 139.435170334
410, 0, 863, 500, 112, 133.476402371
411, 0, 882, 500, 107, 127.517634408
412, 0, 893, 489, 102, 121.558866445
413, 0, 900, 471, 97, 115.600098482
414, 0, 902, 475, 92, 109.641330519
415, 0, 902, 494, 95, 113.216591296
416, 0, 906, 512, 96, 114.408344889
417, 0, 913, 530, 97, 115.600098482
418, 0, 920, 548, 97, 115.600098482
419, 0, 922, 566, 98, 116.791852074
420, 0, 922, 585, 100, 119.175359259
421, 0, 917, 603, 103, 122.750620037
422, 0, 905, 618, 108, 128.709388
423, 0, 891, 632, 113, 134.668155963
424, 0, 875, 641, 118, 140.626923926
425, 0, 857, 648, 123, 146.585691889
426, 0, 839, 655, 128, 152.544459852
427, 0, 820, 657, 133, 158.503227815
428, 0, 801, 657, 138, 164.461995778
429, 0, 782, 657, 143, 170.420763741
430, 0, 763, 657, 148, 176.379531704
431, 0, 744, 657, 153, 182.338299667
432, 0, 725, 652, 158, 188.29706763
433, 0, 707, 645, 163, 194.255835593
434, 0, 689, 638, 164, 195.447589185
435, 0, 671, 631, 164, 195.447589185
436, 0, 652, 628, 164, 195.447589185
437, 0, 633, 632, 163, 194.255835593
438, 0, 615, 639, 162, 193.064082
439, 0, 600, 650, 160, 190.680574815
440, 0, 583, 655, 157, 187.105314037
441, 0, 564, 659, 153, 182.338299667
442, 0, 545, 661, 148, 176.379531704
443, 0, 526, 665, 143, 170.420763741
444, 0, 514, 657, 138, 164.461995778
445, 0, 500, 645, 133, 158.503227815
446, 0, 481, 642, 128, 152.544459852
447, 0, 462, 646, 123, 146.585691889
448, 0, 450, 659, 118, 140.626923926
449, 0, 435, 666, 113, 134.668155963
450, 0, 416, 666, 108, 128.709388
451, 0, 397, 670, 103, 122.750620037
452, 0, 385, 683, 98, 116.791852074
453, 0, 370, 690, 93, 110.833084111
454, 0, 354, 698, 90, 107.257823333
455, 0, 344, 714, 90, 107.257823333
456, 0, 337, 732, 90, 107.257823333
457, 0, 325, 747, 90, 107.257823333
458, 0, 323, 763, 90, 107.257823333
459, 0, 321, 781, 90, 107.257823333
460, 0, 322, 799, 90, 107.257823333
461, 0, 333, 814, 90, 107.257823333
462, 0, 347, 827, 90, 107.257823333
463, 0, 348, 843, 90, 107.257823333
464, 0, 356, 854, 90, 107.257823333
465, 0, 374, 861, 90, 107.257823333
466, 0, 392, 868, 90, 107.257823333
467, 0, 403, 881, 90, 107.257823333
468, 0, 417, 888, 90, 107.257823333
469, 0, 436, 888, 90, 107.257823333
470, 0, 455, 888, 90, 107.257823333
471, 0, 474, 888, 90, 107.257823333
472, 0, 493, 888, 90, 107.257823333
473, 0, 512, 888, 90, 107.257823333
474, 0, 531, 888, 91, 108.449576926
475, 0, 550, 888, 92, 109.641330519
476, 0, 569, 888, 93, 110.833084111
477, 0, 588, 888, 95, 113.216591296
478, 0, 607, 888, 97, 115.600098482
479, 0, 626, 888, 98, 116.791852074
480, 0, 645, 888, 99, 117.983605667
481, 0, 664, 888, 100, 119.175359259
482, 0, 683, 888, 100, 119.175359259
483, 0, 702, 888, 99, 117.983605667
484, 0, 721, 888, 98, 116.791852074
485, 0, 740, 888, 97, 115.600098482
486, 0, 759, 888, 95, 113.216591296
487, 0, 778, 888, 93, 110.833084111
488, 0, 796, 883, 93, 110.833084111
489, 0, 814, 875, 92, 109.641330519
490, 0, 832, 867, 92, 109.641330519
491, 0, 850, 859, 91, 108.449576926
492, 0, 868, 851, 91, 108.449576926
493, 0, 886, 843, 90, 107.257823333
494, 0, 904, 835, 90, 107.257823333
495, 0, 915, 842, 90, 107.257823333
496, 0, 922, 860, 90, 107.257823333
497, 0, 929, 878, 90, 107.257823333
498, 0, 931, 896, 90, 107.257823333
499, 0, 922, 912, 90, 107.257823333
500, 0, 905, 921, 90, 107.257823333
501, 0, 887, 928, 90, 107.257823333
502, 0, 868, 930, 90, 107.257823333
503, 0, 849, 930, 90, 107.257823333
504, 0, 830, 930, 90, 107.257823333
505, 0, 811, 930, 90, 107.257823333
506, 0, 792, 930, 90, 107.257823333
507, 0, 773, 930, 90, 107.257823333
508, 0, 754, 925, 90, 107.257823333
509, 0, 735, 922, 90, 107.257823333
510, 0, 723, 911, 92, 109.641330519
511, 0, 709, 908, 93, 110.833084111
512, 0, 691, 915, 92, 109.641330519
513, 0, 673, 922, 91, 108.449576926
514, 0, 654, 924, 91, 108.449576926
515, 0, 635, 924, 90, 107.257823333
516, 0, 616, 924, 90, 107.257823333
517, 0, 597, 924, 90, 107.257823333
518, 0, 578, 919, 90, 107.257823333
519, 0, 560, 920, 90, 107.257823333
520, 0, 542, 927, 90, 107.257823333
521, 0, 523, 929, 90, 107.257823333
522, 0, 504, 929, 90, 107.257823333
523, 0, 485, 929, 90, 107.257823333
524, 0, 466, 924, 90, 107.257823333
525, 0, 447, 921, 90, 107.257823333
526, 0, 428, 925, 90, 107.257823333
527, 0, 409, 927, 90, 107.257823333
528, 0, 390, 927, 90, 107.257823333
529, 0, 371, 927, 90, 107.257823333
530, 0, 352, 927, 90, 107.257823333
531, 0, 333, 927, 90, 107.257823333
532, 0, 314, 927, 90, 107.257823333
533, 0, 295, 927, 90, 107.257823333
534, 0, 276, 927, 90, 107.257823333
535, 0, 257, 927, 90, 107.257823333
536, 0, 238, 927, 90, 107.257823333
537, 0, 219, 927, 90, 107.257823333
538, 0, 200, 927, 90, 107.257823333
539, 0, 181, 927, 90, 107.257823333
540, 0, 162, 927, 90, 107.257823333
541, 0, 143, 927, 90, 107.257823333
542, 0, 124, 927, 90, 107.257823333
543, 0, 105, 927, 90, 107.257823333
544, 0, 89, 919, 90, 107.257823333
545, 0, 79, 903, 90, 107.257823333
546, 0, 80, 885, 90, 107.257823333
547, 0, 78, 867, 90, 107.257823333
548, 0, 71, 849, 90, 107.257823333
549, 0, 76, 833, 90, 107.257823333
550, 0, 89, 819, 90, 107.257823333
551, 0, 90, 802, 90, 107.257823333
552, 0, 98, 790, 90, 107.257823333
553, 0, 101, 776, 90, 107.257823333
554, 0, 109, 768, 90, 107.257823333
555, 0, 124, 759, 90, 107.257823333
556, 0, 137, 745, 90, 107.257823333
557, 0, 146, 728, 90, 107.257823333
558, 0, 153, 710, 90, 107.257823333
559, 0, 147, 695, 90, 107.257823333
560, 0, 133, 682, 90, 107.257823333
561, 0, 131, 666, 90, 107.257823333
562, 0, 123, 654, 90, 107.257823333
563, 0, 104, 651, 90, 107.257823333
564, 0, 88, 643, 90, 107.257823333
565, 0, 78, 627, 90, 107.257823333
566, 0, 71, 609, 90, 107.257823333
567, 0, 72, 591, 90, 107.257823333
568, 0, 74, 572, 90, 107.257823333
569, 0, 74, 553, 90, 107.257823333
570, 0, 74, 534, 90, 107.257823333
571, 0, 74, 515, 90, 107.257823333
572, 0, 74, 496, 90, 107.257823333
573, 0, 74, 477, 90, 107.257823333
574, 0, 74, 458, 90, 107.257823333
575, 0, 74, 439, 90, 107.257823333
576, 0, 78, 420, 90, 107.257823333
577, 0, 76, 402, 90, 107.257823333
578, 0, 73, 383, 90, 107.257823333
579, 0, 73, 364, 90, 107.257823333
580, 0, 73, 345, 90, 107.257823333
581, 0, 73, 326, 90, 107.257823333
582, 0, 73, 307, 90, 107.257823333
583, 0, 73, 288, 90, 107.257823333
584, 0, 77, 269, 90, 107.257823333
585, 0, 84, 251, 90, 107.257823333
586, 0, 82, 233, 90, 107.257823333
587, 0, 75, 215, 90, 107.257823333
588, 0, 76, 197, 90, 107.257823333
589, 0, 83, 179, 90, 107.257823333
590, 0, 81, 161, 90, 107.257823333
591, 0, 74, 143, 90, 107.257823333
592, 0, 75, 125, 90, 107.257823333
593, 0, 82, 107, 90, 107.257823333
594, 0, 92, 91, 90, 107.257823333
595, 0, 108, 80, 90, 107.257823333
596, 0, 126, 72, 90, 107.257823333
597, 0, 144, 68, 90, 107.257823333
598, 0, 160, 75, 90, 107.257823333
599, 0, 177, 80, 90, 107.257823333
600, 0, 195, 75, 90, 107.257823333
601, 0, 213, 76, 90, 107.257823333
602, 0, 224, 89, 90, 107.257823333
603, 0, 237, 91, 90, 107.257823333
604, 0, 255, 83, 90, 107.257823333
605, 0, 273, 75, 90, 107.257823333
606, 0, 291, 76, 90, 107.257823333
607, 0, 302, 89, 90, 107.257823333
608, 0, 315, 91, 90, 107.257823333
609, 0, 333, 83, 90, 107.257823333
610, 0, 351, 75, 90, 107.257823333
611, 0, 366, 79, 91, 108.449576926
612, 0, 375, 95, 95, 113.216591296
613, 0, 377, 113, 100, 119.175359259
614, 0, 372, 131, 105, 125.134127222
615, 0, 365, 149, 110, 131.092895185
616, 0, 354, 164, 115, 137.051663148
617, 0, 341, 178, 116, 138.243416741
618, 0, 335, 195, 120, 143.010431111
619, 0, 324, 206, 119, 141.818677519
620, 0, 309, 217, 117, 139.435170334
621, 0, 303, 234, 119, 141.818677519
622, 0, 298, 252, 120, 143.010431111
623, 0, 291, 270, 120, 143.010431111
624, 0, 284, 288, 120, 143.010431111
625, 0, 277, 306, 118, 140.626923926
626, 0, 274, 324, 118, 140.626923926
627, 0, 274, 343, 118, 140.626923926
628, 0, 269, 361, 115, 137.051663148
629, 0, 266, 379, 112, 133.476402371
630, 0, 266, 398, 111, 132.284648778
631, 0, 266, 417, 108, 128.709388
632, 0, 266, 436, 105, 125.134127222
633, 0, 266, 455, 101, 120.367112852
634, 0, 261, 473, 97, 115.600098482
635, 0, 269, 484, 97, 115.600098482
636, 0, 276, 498, 96, 114.408344889
637, 0, 271, 516, 92, 109.641330519
638, 0, 268, 534, 90, 107.257823333
639, 0, 268, 553, 90, 107.257823333
640, 0, 278, 564, 90, 107.257823333
641, 0, 296, 571, 90, 107.257823333
642, 0, 307, 584, 90, 107.257823333
643, 0, 320, 586, 90, 107.257823333
644, 0, 338, 578, 91, 108.449576926
645, 0, 353, 566, 96, 114.408344889
646, 0, 366, 552, 101, 120.367112852
647, 0, 379, 538, 106, 126.325880815
648, 0, 392, 524, 111, 132.284648778
649, 0, 405, 510, 116, 138.243416741
650, 0, 418, 496, 121, 144.202184704
651, 0, 431, 482, 126, 150.160952667
652, 0, 444, 468, 131, 156.11972063
653, 0, 457, 454, 136, 162.078488593
654, 0, 470, 440, 141, 168.037256556
655, 0, 479, 423, 146, 173.996024519
656, 0, 486, 405, 151, 179.954792482
657, 0, 493, 387, 156, 185.913560445
658, 0, 500, 369, 161, 191.872328408
659, 0, 507, 351, 164, 195.447589185
660, 0, 514, 333, 164, 195.447589185
661, 0, 521, 315, 163, 194.255835593
662, 0, 528, 297, 162, 193.064082
663, 0, 535, 279, 160, 190.680574815
664, 0, 545, 263, 157, 187.105314037
665, 0, 550, 245, 153, 182.338299667
666, 0, 560, 233, 149, 177.571285297
667, 0, 567, 218, 144, 171.612517334
668, 0, 567, 199, 139, 165.653749371
669, 0, 574, 183, 134, 159.694981408
670, 0, 590, 172, 129, 153.736213445
671, 0, 605, 160, 124, 147.777445482
672, 0, 610, 143, 119, 141.818677519
673, 0, 620, 130, 114, 135.859909556
674, 0, 635, 118, 109, 129.901141593
675, 0, 651, 107, 104, 123.94237363
676, 0, 669, 99, 99, 117.983605667
677, 0, 687, 91, 94, 112.024837704
678, 0, 705, 83, 96, 114.408344889
679, 0, 723, 75, 101, 120.367112852
680, 0, 741, 71, 106, 126.325880815
681, 0, 760, 71, 111, 132.284648778
682, 0, 779, 71, 116, 138.243416741
683, 0, 798, 71, 121, 144.202184704
684, 0, 817, 71, 126, 150.160952667
685, 0, 836, 71, 131, 156.11972063
686, 0, 855, 71, 136, 162.078488593
687, 0, 866, 81, 141, 168.037256556
688, 0, 873, 99, 146, 173.996024519
689, 0, 880, 117, 151, 179.954792482
690, 0, 882, 135, 156, 185.913560445
691, 0, 882, 154, 159, 189.488821222
692, 0, 882, 173, 159, 189.488821222
693, 0, 877, 191, 157, 187.105314037
694, 0, 870, 209, 154, 183.53005326
695, 0, 867, 227, 150, 178.763038889
696, 0, 871, 245, 148, 176.379531704
697, 0, 878, 263, 145, 172.804270926
698, 0, 880, 281, 140, 166.845502963
699, 0, 872, 297, 135, 160.886735
700, 0, 859, 311, 130, 154.927967037
701, 0, 849, 327, 125, 148.969199074
702, 0, 838, 342, 120, 143.010431111
703, 0, 832, 359, 115, 137.051663148
704, 0, 832, 378, 110, 131.092895185
705, 0, 821, 389, 105, 125.134127222
706, 0, 809, 402, 100, 119.175359259
707, 0, 795, 413, 100, 119.175359259
708, 0, 787, 427, 105, 125.134127222
709, 0, 791, 445, 110, 131.092895185
710, 0, 802, 460, 115, 137.051663148
711, 0, 816, 473, 116, 138.243416741
712, 0, 813, 486, 121, 144.202184704
713, 0, 818, 495, 122, 145.393938296
714, 0, 829, 508, 122, 145.393938296
715, 0, 843, 515, 119, 141.818677519
716, 0, 862, 515, 114, 135.859909556
717, 0, 881, 515, 109, 129.901141593
718, 0, 892, 525, 104, 123.94237363
719, 0, 899, 543, 104, 123.94237363
720, 0, 906, 561, 104, 123.94237363
721, 0, 908, 579, 105, 125.134127222
722, 0, 912, 597, 105, 125.134127222
723, 0, 914, 615, 105, 125.134127222
724, 0, 906, 631, 108, 128.709388
725, 0, 905, 647, 109, 129.901141593
726, 0, 912, 665, 105, 125.134127222
727, 0, 904, 676, 108, 128.709388
728, 0, 886, 683, 113, 134.668155963
729, 0, 867, 685, 118, 140.626923926
730, 0, 848, 685, 123, 146.585691889
731, 0, 829, 685, 128, 152.544459852
732, 0, 810, 685, 133, 158.503227815
733, 0, 791, 680, 138, 164.461995778
734, 0, 773, 673, 143, 170.420763741
735, 0, 755, 666, 148, 176.379531704
736, 0, 737, 659, 153, 182.338299667
737, 0, 718, 656, 158, 188.29706763
738, 0, 699, 656, 163, 194.255835593
739, 0, 680, 660, 164, 195.447589185
740, 0, 662, 667, 163, 194.255835593
741, 0, 644, 674, 163, 194.255835593
742, 0, 626, 681, 161, 191.872328408
743, 0, 611, 692, 158, 188.29706763
744, 0, 595, 701, 155, 184.721806852
745, 0, 577, 708, 151, 179.954792482
746, 0, 559, 715, 146, 173.996024519
747, 0, 551, 729, 141, 168.037256556
748, 0, 551, 748, 136, 162.078488593
749, 0, 555, 766, 132, 157.311474222
750, 0, 553, 784, 127, 151.352706259
751, 0, 542, 799, 122, 145.393938296
752, 0, 532, 815, 117, 139.435170334
753, 0, 529, 833, 112, 133.476402371
754, 0, 521, 849, 107, 127.517634408
755, 0, 504, 858, 102, 121.558866445
756, 0, 488, 869, 97, 115.600098482
757, 0, 471, 878, 92, 109.641330519
758, 0, 463, 892, 90, 107.257823333
759, 0, 454, 908, 90, 107.257823333
760, 0, 437, 917, 90, 107.257823333
761, 0, 419, 915, 90, 107.257823333
762, 0, 403, 904, 90, 107.257823333
763, 0, 389, 891, 90, 107.257823333
764, 0, 379, 875, 90, 107.257823333
765, 0, 372, 857, 90, 107.257823333
766, 0, 365, 839, 90, 107.257823333
767, 0, 350, 831, 90, 107.257823333
768, 0, 331, 831, 90, 107.257823333
769, 0, 315, 823, 90, 107.257823333
770, 0, 305, 807, 90, 107.257823333
771, 0, 302, 788, 90, 107.257823333
772, 0, 306, 769, 90, 107.257823333
773, 0, 298, 757, 90, 107.257823333
774, 0, 280, 750, 90, 107.257823333
775, 0, 261, 747, 90, 107.257823333
776, 0, 242, 742, 90, 107.257823333
777, 0, 226, 747, 90, 107.257823333
778, 0, 209, 756, 90, 107.257823333
779, 0, 197, 769, 90, 107.257823333
780, 0, 183, 772, 90, 107.257823333
781, 0, 175, 780, 90, 107.257823333
782, 0, 175, 799, 90, 107.257823333
783, 0, 175, 818, 90, 107.257823333
784, 0, 179, 836, 90, 107.257823333
785, 0, 186, 854, 90, 107.257823333
786, 0, 193, 872, 90, 107.257823333
787, 0, 187, 887, 90, 107.257823333
788, 0, 189, 900, 90, 107.257823333
789, 0, 203, 913, 90, 107.257823333
790, 0, 197, 922, 90, 107.257823333
791, 0, 179, 929, 90, 107.257823333
792, 0, 160, 931, 90, 107.257823333
793, 0, 141, 931, 90, 107.257823333
794, 0, 122, 926, 90, 107.257823333
795, 0, 103, 923, 90, 107.257823333
796, 0, 87, 915, 90, 107.257823333
797, 0, 77, 899, 90, 107.257823333
798, 0, 70, 881, 90, 107.257823333
799, 0, 67, 862, 90, 107.257823333
800, 0, 67, 843, 90, 107.257823333
801, 0, 67, 824, 90, 107.257823333
802, 0, 67, 805, 90, 107.257823333
803, 0, 67, 786, 90, 107.257823333
804, 0, 67, 767, 90, 107.257823333
805, 0, 67, 748, 90, 107.257823333
806, 0, 71, 729, 90, 107.257823333
807, 0, 78, 711, 90, 107.257823333
808, 0, 85, 693, 90, 107.257823333
809, 0, 92, 675, 90, 107.257823333
810, 0, 99, 657, 90, 107.257823333
811, 0, 97, 639, 90, 107.257823333
812, 0, 90, 621, 90, 107.257823333
813, 0, 83, 603, 90, 107.257823333
814, 0, 76, 585, 90, 107.257823333
815, 0, 73, 566, 90, 107.257823333
816, 0, 73, 547, 90, 107.257823333
817, 0, 73, 528, 90, 107.257823333
818, 0, 73, 509, 90, 107.257823333
819, 0, 73, 490, 90, 107.257823333
820, 0, 73, 471, 90, 107.257823333
821, 0, 73, 452, 90, 107.257823333
822, 0, 73, 433, 90, 107.257823333
823, 0, 73, 414, 90, 107.257823333
824, 0, 73, 395, 90, 107.257823333
825, 0, 73, 376, 90, 107.257823333
826, 0, 73, 357, 90, 107.257823333
827, 0, 73, 338, 90, 107.257823333
828, 0, 77, 319, 90, 107.257823333
829, 0, 84, 301, 90, 107.257823333
830, 0, 91, 283, 90, 107.257823333
831, 0, 89, 265, 90, 107.257823333
832, 0, 82, 247, 90, 107.257823333
833, 0, 75, 229, 90, 107.257823333
834, 0, 76, 211, 90, 107.257823333
835, 0, 78, 192, 90, 107.257823333
836, 0, 73, 173, 90, 107.257823333
837, 0, 70, 154, 90, 107.257823333
838, 0, 70, 135, 90, 107.257823333
839, 0, 80, 122, 90, 107.257823333
840, 0, 83, 108, 90, 107.257823333
841, 0, 88, 92, 90, 107.257823333
842, 0, 104, 81, 90, 107.257823333
843, 0, 122, 73, 90, 107.257823333
844, 0, 140, 69, 90, 107.257823333
845, 0, 159, 69, 90, 107.257823333
846, 0, 178, 69, 90, 107.257823333
847, 0, 189, 79, 90, 107.257823333
848, 0, 202, 81, 90, 107.257823333
849, 0, 220, 73, 90, 107.257823333
850, 0, 238, 69, 90, 107.257823333
851, 0, 257, 69, 90, 107.257823333
852, 0, 268, 79, 90, 107.257823333
853, 0, 281, 81, 90, 107.257823333
854, 0, 299, 73, 90, 107.257823333
855, 0, 317, 69, 90, 107.257823333
856, 0, 336, 69, 90, 107.257823333
857, 0, 347, 79, 90, 107.257823333
858, 0, 360, 81, 91, 108.449576926
859, 0, 378, 73, 91, 108.449576926
860, 0, 396, 69, 91, 108.449576926
861, 0, 415, 69, 92, 109.641330519
862, 0, 434, 69, 93, 110.833084111
863, 0, 445, 79, 97, 115.600098482
864, 0, 447, 97, 102, 121.558866445
865, 0, 457, 99, 105, 125.134127222
866, 0, 460, 106, 108, 128.709388
867, 0, 453, 124, 113, 134.668155963
868, 0, 441, 139, 118, 140.626923926
869, 0, 427, 153, 123, 146.585691889
870, 0, 414, 167, 128, 152.544459852
871, 0, 401, 181, 132, 157.311474222
872, 0, 385, 190, 132, 157.311474222
873, 0, 367, 197, 130, 154.927967037
874, 0, 355, 210, 130, 154.927967037
875, 0, 341, 221, 129, 153.736213445
876, 0, 329, 234, 128, 152.544459852
877, 0, 318, 249, 127, 151.352706259
878, 0, 317, 265, 130, 154.927967037
879, 0, 315, 283, 132, 157.311474222
880, 0, 308, 301, 131, 156.11972063
881, 0, 301, 319, 129, 153.736213445
882, 0, 294, 337, 126, 150.160952667
883, 0, 295, 355, 126, 150.160952667
884, 0, 293, 373, 125, 148.969199074
885, 0, 286, 391, 120, 143.010431111
886, 0, 283, 409, 116, 138.243416741
887, 0, 283, 428, 113, 134.668155963
888, 0, 283, 447, 109, 129.901141593
889, 0, 278, 465, 104, 123.94237363
890, 0, 283, 480, 102, 121.558866445
891, 0, 288, 496, 100, 119.175359259
892, 0, 279, 512, 95, 113.216591296
893, 0, 273, 529, 91, 108.449576926
894, 0, 264, 545, 90, 107.257823333
895, 0, 249, 559, 90, 107.257823333
896, 0, 247, 575, 90, 107.257823333
897, 0, 258, 590, 90, 107.257823333
898, 0, 274, 599, 90, 107.257823333
899, 0, 292, 606, 90, 107.257823333
900, 0, 310, 608, 90, 107.257823333
901, 0, 329, 608, 90, 107.257823333
902, 0, 347, 603, 90, 107.257823333
903, 0, 365, 595, 91, 108.449576926
904, 0, 380, 583, 95, 113.216591296
905, 0, 393, 569, 100, 119.175359259
906, 0, 406, 555, 105, 125.134127222
907, 0, 419, 541, 110, 131.092895185
908, 0, 432, 527, 115, 137.051663148
909, 0, 445, 513, 120, 143.010431111
910, 0, 458, 499, 125, 148.969199074
911, 0, 471, 485, 130, 154.927967037
912, 0, 484, 471, 135, 160.886735
913, 0, 500, 460, 140, 166.845502963
914, 0, 518, 452, 145, 172.804270926
915, 0, 533, 440, 150, 178.763038889
916, 0, 546, 426, 154, 183.53005326
917, 0, 555, 409, 156, 185.913560445
918, 0, 562, 391, 157, 187.105314037
919, 0, 569, 373, 157, 187.105314037
920, 0, 576, 355, 157, 187.105314037
921, 0, 583, 337, 156, 185.913560445
922, 0, 590, 319, 154, 183.53005326
923, 0, 604, 311, 151, 179.954792482
924, 0, 622, 306, 146, 173.996024519
925, 0, 633, 292, 141, 168.037256556
926, 0, 635, 273, 138, 164.461995778
927, 0, 635, 253, 134, 159.694981408
928, 0, 635, 234, 130, 154.927967037
929, 0, 639, 215, 125, 148.969199074
930, 0, 652, 203, 120, 143.010431111
931, 0, 663, 189, 115, 137.051663148
932, 0, 676, 177, 110, 131.092895185
933, 0, 683, 162, 105, 125.134127222
934, 0, 678, 143, 100, 119.175359259
935, 0, 675, 124, 95, 113.216591296
936, 0, 670, 105, 90, 107.257823333
937, 0, 675, 89, 91, 108.449576926
938, 0, 691, 78, 92, 109.641330519
939, 0, 709, 70, 97, 115.600098482
940, 0, 727, 66, 102, 121.558866445
941, 0, 746, 66, 107, 127.517634408
942, 0, 765, 66, 112, 133.476402371
943, 0, 784, 66, 117, 139.435170334
944, 0, 803, 66, 122, 145.393938296
945, 0, 822, 66, 127, 151.352706259
946, 0, 841, 66, 132, 157.311474222
947, 0, 857, 73, 137, 163.270242185
948, 0, 866, 89, 142, 169.229010148
949, 0, 873, 107, 147, 175.187778111
950, 0, 880, 125, 152, 181.146546074
951, 0, 882, 143, 157, 187.105314037
952, 0, 882, 162, 159, 189.488821222
953, 0, 882, 181, 158, 188.29706763
954, 0, 882, 200, 157, 187.105314037
955, 0, 882, 219, 154, 183.53005326
956, 0, 882, 238, 151, 179.954792482
957, 0, 882, 257, 147, 175.187778111
958, 0, 882, 276, 142, 169.229010148
959, 0, 882, 295, 137, 163.270242185
960, 0, 877, 313, 132, 157.311474222
961, 0, 866, 328, 127, 151.352706259
962, 0, 853, 342, 122, 145.393938296
963, 0, 843, 358, 117, 139.435170334
964, 0, 840, 376, 112, 133.476402371
965, 0, 832, 392, 107, 127.517634408
966, 0, 822, 408, 102, 121.558866445
967, 0, 823, 426, 98, 116.791852074
968, 0, 830, 444, 102, 121.558866445
969, 0, 841, 459, 104, 123.94237363
970, 0, 846, 475, 107, 127.517634408
971, 0, 856, 486, 107, 127.517634408
972, 0, 874, 493, 103, 122.750620037
973, 0, 881, 507, 104, 123.94237363
974, 0, 881, 526, 108, 128.709388
975, 0, 885, 544, 109, 129.901141593
976, 0, 892, 562, 109, 129.901141593
977, 0, 886, 577, 114, 135.859909556
978, 0, 884, 593, 116, 138.243416741
979, 0, 891, 611, 114, 135.859909556
980, 0, 886, 626, 117, 139.435170334
981, 0, 885, 642, 118, 140.626923926
982, 0, 892, 660, 114, 135.859909556
983, 0, 899, 678, 110, 131.092895185
984, 0, 906, 696, 105, 125.134127222
985, 0, 901, 711, 105, 125.134127222
986, 0, 900, 727, 103, 122.750620037
987, 0, 907, 745, 98, 116.791852074
988, 0, 899, 756, 99, 117.983605667
989, 0, 891, 770, 99, 117.983605667
990, 0, 895, 788, 94, 112.024837704
991, 0, 902, 806, 91, 108.449576926
992, 0, 909, 824, 90, 107.257823333
993, 0, 916, 842, 90, 107.257823333
994, 0, 923, 860, 90, 107.257823333
995, 0, 925, 878, 90, 107.257823333
996, 0, 925, 897, 90, 107.257823333
997, 0, 914, 908, 90, 107.257823333
998, 0, 896, 915, 90, 107.257823333
999, 0, 878, 922, 90, 107.257823333
