0, 0, 0, 0, 60, 34.6410161514
0, 1, 12, 0, 60, 34.6410161514
0, 2, 34, 4, 60, 34.6410161514
0, 3, 4, 22, 60, 34.6410161514
0, 4, 20, 19, 60, 34.6410161514
0, 5, 28, 22, 60, 34.6410161514
1, 0, 0, 0, 60, 34.6410161514
1, 1, 12, 0, 60, 34.6410161514
1, 2, 52, 11, 60, 34.6410161514
1, 3, 11, 40, 60, 34.6410161514
1, 4, 25, 24, 60, 34.6410161514
1, 5, 39, 37, 60, 34.6410161514
2, 0, 0, 0, 60, 34.6410161514
2, 1, 12, 0, 60, 34.6410161514
2, 2, 70, 18, 60, 34.6410161514
2, 3, 18, 58, 60, 34.6410161514
2, 4, 25, 24, 60, 34.6410161514
2, 5, 53, 50, 60, 34.6410161514
3, 0, 0, 0, 60, 34.6410161514
3, 1, 12, 0, 60, 34.6410161514
3, 2, 88, 20, 60, 34.6410161514
3, 3, 25, 76, 60, 34.6410161514
3, 4, 25, 24, 60, 34.6410161514
3, 5, 67, 63, 60, 34.6410161514
4, 0, 0, 0, 60, 34.6410161514
4, 1, 12, 0, 60, 34.6410161514
4, 2, 107, 20, 60, 34.6410161514
4, 3, 32, 94, 60, 34.6410161514
4, 4, 25, 24, 60, 34.6410161514
4, 5, 83, 72, 60, 34.6410161514
5, 0, 0, 0, 60, 34.6410161514
5, 1, 12, 0, 60, 34.6410161514
5, 2, 126, 20, 60, 34.6410161514
5, 3, 43, 109, 60, 34.6410161514
5, 4, 25, 24, 60, 34.6410161514
5, 5, 101, 74, 60, 34.6410161514
6, 0, 0, 0, 60, 34.6410161514
6, 1, 12, 0, 60, 34.6410161514
6, 2, 145, 20, 60, 34.6410161514
6, 3, 59, 118, 60, 34.6410161514
6, 4, 25, 24, 60, 34.6410161514
6, 5, 120, 74, 60, 34.6410161514
7, 0, 0, 0, 60, 34.6410161514
7, 1, 12, 0, 60, 34.6410161514
7, 2, 164, 20, 60, 34.6410161514
7, 3, 77, 125, 60, 34.6410161514
7, 4, 20, 34, 60, 34.6410161514
7, 5, 139, 74, 60, 34.6410161514
8, 0, 0, 0, 60, 34.6410161514
8, 1, 12, 0, 60, 34.6410161514
8, 2, 183, 20, 60, 34.6410161514
8, 3, 95, 127, 60, 34.6410161514
8, 4, 28, 45, 60, 34.6410161514
8, 5, 158, 74, 60, 34.6410161514
9, 0, 0, 0, 60, 34.6410161514
9, 1, 12, 0, 60, 34.6410161514
9, 2, 202, 20, 60, 34.6410161514
9, 3, 114, 127, 60, 34.6410161514
9, 4, 46, 47, 60, 34.6410161514
9, 5, 177, 74, 60, 34.6410161514
10, 0, 0, 0, 60, 34.6410161514
10, 1, 12, 0, 60, 34.6410161514
10, 2, 221, 20, 60, 34.6410161514
10, 3, 133, 127, 60, 34.6410161514
10, 4, 61, 38, 60, 34.6410161514
10, 5, 196, 74, 60, 34.6410161514
11, 0, 0, 0, 60, 34.6410161514
11, 1, 12, 0, 60, 34.6410161514
11, 2, 240, 20, 60, 34.6410161514
11, 3, 152, 127, 60, 34.6410161514
11, 4, 66, 21, 60, 34.6410161514
11, 5, 215, 74, 60, 34.6410161514
12, 0, 0, 0, 60, 34.6410161514
12, 1, 12, 0, 60, 34.6410161514
12, 2, 259, 20, 60, 34.6410161514
12, 3, 171, 127, 60, 34.6410161514
12, 4, 76, 17, 60, 34.6410161514
12, 5, 234, 74, 60, 34.6410161514
13, 0, 0, 0, 60, 34.6410161514
13, 1, 12, 0, 60, 34.6410161514
13, 2, 278, 20, 60, 34.6410161514
13, 3, 190, 127, 60, 34.6410161514
13, 4, 94, 24, 60, 34.6410161514
13, 5, 253, 74, 60, 34.6410161514
14, 0, 0, 0, 60, 34.6410161514
14, 1, 16, 10, 60, 34.6410161514
14, 2, 297, 20, 60, 34.6410161514
14, 3, 209, 127, 60, 34.6410161514
14, 4, 112, 26, 60, 34.6410161514
14, 5, 272, 74, 60, 34.6410161514
15, 0, 0, 0, 60, 34.6410161514
15, 1, 18, 28, 60, 34.6410161514
15, 2, 316, 20, 60, 34.6410161514
15, 3, 228, 127, 60, 34.6410161514
15, 4, 119, 37, 60, 34.6410161514
15, 5, 291, 74, 60, 34.6410161514
16, 0, 0, 0, 60, 34.6410161514
16, 1, 18, 47, 60, 34.6410161514
16, 2, 335, 20, 60, 34.6410161514
16, 3, 247, 127, 60, 34.6410161514
16, 4, 114, 55, 60, 34.6410161514
16, 5, 310, 74, 60, 34.6410161514
17, 0, 0, 0, 60, 34.6410161514
17, 1, 18, 66, 60, 34.6410161514
17, 2, 354, 20, 60, 34.6410161514
17, 3, 266, 127, 60, 34.6410161514
17, 4, 102, 70, 60, 34.6410161514
17, 5, 329, 74, 60, 34.6410161514
18, 0, 0, 0, 60, 34.6410161514
18, 1, 18, 85, 60, 34.6410161514
18, 2, 373, 20, 60, 34.6410161514
18, 3, 285, 127, 60, 34.6410161514
18, 4, 85, 79, 60, 34.6410161514
18, 5, 348, 74, 60, 34.6410161514
19, 0, 10, 4, 60, 34.6410161514
19, 1, 18, 104, 60, 34.6410161514
19, 2, 392, 20, 60, 34.6410161514
19, 3, 304, 127, 60, 34.6410161514
19, 4, 69, 90, 60, 34.6410161514
19, 5, 367, 74, 60, 34.6410161514
20, 0, 28, 11, 60, 34.6410161514
20, 1, 18, 123, 60, 34.6410161514
20, 2, 411, 20, 60, 34.6410161514
20, 3, 323, 127, 60, 34.6410161514
20, 4, 63, 107, 60, 34.6410161514
20, 5, 386, 74, 60, 34.6410161514
21, 0, 46, 18, 60, 34.6410161514
21, 1, 22, 141, 60, 34.6410161514
21, 2, 430, 20, 60, 34.6410161514
21, 3, 342, 127, 60, 34.6410161514
21, 4, 67, 125, 60, 34.6410161514
21, 5, 405, 74, 60, 34.6410161514
22, 0, 57, 31, 60, 34.6410161514
22, 1, 29, 159, 60, 34.6410161514
22, 2, 449, 20, 60, 34.6410161514
22, 3, 361, 127, 60, 34.6410161514
22, 4, 69, 143, 60, 34.6410161514
22, 5, 424, 74, 60, 34.6410161514
23, 0, 70, 33, 60, 34.6410161514
23, 1, 40, 174, 60, 34.6410161514
23, 2, 468, 20, 60, 34.6410161514
23, 3, 380, 127, 60, 34.6410161514
23, 4, 77, 158, 60, 34.6410161514
23, 5, 443, 74, 60, 34.6410161514
24, 0, 85, 21, 60, 34.6410161514
24, 1, 54, 187, 60, 34.6410161514
24, 2, 487, 20, 60, 34.6410161514
24, 3, 399, 127, 60, 34.6410161514
24, 4, 91, 171, 60, 34.6410161514
24, 5, 462, 74, 60, 34.6410161514
25, 0, 101, 15, 60, 34.6410161514
25, 1, 68, 200, 60, 34.6410161514
25, 2, 506, 20, 60, 34.6410161514
25, 3, 418, 127, 60, 34.6410161514
25, 4, 108, 176, 60, 34.6410161514
25, 5, 481, 74, 60, 34.6410161514
26, 0, 120, 15, 60, 34.6410161514
26, 1, 77, 216, 60, 34.6410161514
26, 2, 525, 20, 60, 34.6410161514
26, 3, 437, 127, 60, 34.6410161514
26, 4, 127, 176, 60, 34.6410161514
26, 5, 500, 74, 60, 34.6410161514
27, 0, 139, 15, 60, 34.6410161514
27, 1, 90, 227, 60, 34.6410161514
27, 2, 544, 20, 60, 34.6410161514
27, 3, 456, 127, 60, 34.6410161514
27, 4, 146, 176, 60, 34.6410161514
27, 5, 519, 74, 60, 34.6410161514
28, 0, 155, 22, 60, 34.6410161514
28, 1, 108, 229, 60, 34.6410161514
28, 2, 563, 20, 60, 34.6410161514
28, 3, 475, 127, 60, 34.6410161514
28, 4, 165, 176, 60, 34.6410161514
28, 5, 538, 74, 60, 34.6410161514
29, 0, 171, 31, 60, 34.6410161514
29, 1, 127, 229, 60, 34.6410161514
29, 2, 582, 20, 60, 34.6410161514
29, 3, 494, 127, 60, 34.6410161514
29, 4, 184, 176, 60, 34.6410161514
29, 5, 557, 74, 60, 34.6410161514
30, 0, 174, 44, 60, 34.6410161514
30, 1, 146, 229, 60, 34.6410161514
30, 2, 601, 20, 60, 34.6410161514
30, 3, 513, 127, 60, 34.6410161514
30, 4, 203, 176, 60, 34.6410161514
30, 5, 576, 74, 60, 34.6410161514
31, 0, 167, 62, 60, 34.6410161514
31, 1, 165, 229, 60, 34.6410161514
31, 2, 620, 20, 60, 34.6410161514
31, 3, 532, 127, 60, 34.6410161514
31, 4, 222, 176, 60, 34.6410161514
31, 5, 595, 74, 60, 34.6410161514
32, 0, 155, 77, 60, 34.6410161514
32, 1, 184, 229, 60, 34.6410161514
32, 2, 639, 20, 60, 34.6410161514
32, 3, 551, 127, 60, 34.6410161514
32, 4, 241, 176, 60, 34.6410161514
32, 5, 614, 74, 60, 34.6410161514
33, 0, 145, 93, 60, 34.6410161514
33, 1, 203, 229, 60, 34.6410161514
33, 2, 658, 20, 60, 34.6410161514
33, 3, 570, 127, 60, 34.6410161514
33, 4, 260, 176, 60, 34.6410161514
33, 5, 633, 74, 60, 34.6410161514
34, 0, 133, 108, 60, 34.6410161514
34, 1, 222, 229, 60, 34.6410161514
34, 2, 677, 20, 60, 34.6410161514
34, 3, 589, 127, 60, 34.6410161514
34, 4, 279, 176, 60, 34.6410161514
34, 5, 652, 74, 60, 34.6410161514
35, 0, 116, 117, 60, 34.6410161514
35, 1, 241, 229, 60, 34.6410161514
35, 2, 696, 20, 60, 34.6410161514
35, 3, 608, 127, 60, 34.6410161514
35, 4, 298, 176, 60, 34.6410161514
35, 5, 671, 74, 60, 34.6410161514
36, 0, 104, 109, 60, 34.6410161514
36, 1, 260, 229, 60, 34.6410161514
36, 2, 715, 20, 60, 34.6410161514
36, 3, 627, 127, 60, 34.6410161514
36, 4, 317, 176, 60, 34.6410161514
36, 5, 690, 74, 60, 34.6410161514
37, 0, 100, 90, 60, 34.6410161514
37, 1, 279, 229, 60, 34.6410161514
37, 2, 734, 20, 60, 34.6410161514
37, 3, 646, 127, 60, 34.6410161514
37, 4, 336, 176, 60, 34.6410161514
37, 5, 709, 74, 60, 34.6410161514
38, 0, 104, 71, 60, 34.6410161514
38, 1, 298, 229, 60, 34.6410161514
38, 2, 753, 20, 60, 34.6410161514
38, 3, 665, 127, 60, 34.6410161514
38, 4, 355, 176, 60, 34.6410161514
38, 5, 728, 74, 60, 34.6410161514
39, 0, 95, 63, 60, 34.6410161514
39, 1, 317, 229, 60, 34.6410161514
39, 2, 772, 20, 60, 34.6410161514
39, 3, 684, 127, 60, 34.6410161514
39, 4, 374, 176, 60, 34.6410161514
39, 5, 747, 74, 60, 34.6410161514
40, 0, 76, 67, 60, 34.6410161514
40, 1, 336, 229, 60, 34.6410161514
40, 2, 791, 20, 60, 34.6410161514
40, 3, 703, 127, 60, 34.6410161514
40, 4, 393, 176, 60, 34.6410161514
40, 5, 766, 74, 60, 34.6410161514
41, 0, 57, 69, 60, 34.6410161514
41, 1, 355, 229, 60, 34.6410161514
41, 2, 810, 20, 60, 34.6410161514
41, 3, 722, 127, 60, 34.6410161514
41, 4, 412, 176, 60, 34.6410161514
41, 5, 785, 74, 60, 34.6410161514
42, 0, 38, 64, 60, 34.6410161514
42, 1, 374, 229, 60, 34.6410161514
42, 2, 829, 20, 60, 34.6410161514
42, 3, 741, 127, 60, 34.6410161514
42, 4, 431, 176, 60, 34.6410161514
42, 5, 804, 74, 60, 34.6410161514
43, 0, 20, 57, 60, 34.6410161514
43, 1, 393, 229, 60, 34.6410161514
43, 2, 848, 20, 60, 34.6410161514
43, 3, 760, 127, 60, 34.6410161514
43, 4, 450, 176, 60, 34.6410161514
43, 5, 823, 74, 60, 34.6410161514
44, 0, 12, 42, 60, 34.6410161514
44, 1, 412, 229, 60, 34.6410161514
44, 2, 867, 20, 60, 34.6410161514
44, 3, 779, 127, 60, 34.6410161514
44, 4, 469, 176, 60, 34.6410161514
44, 5, 842, 74, 60, 34.6410161514
45, 0, 16, 23, 60, 34.6410161514
45, 1, 431, 229, 60, 34.6410161514
45, 2, 886, 20, 60, 34.6410161514
45, 3, 798, 127, 60, 34.6410161514
45, 4, 488, 176, 60, 34.6410161514
45, 5, 861, 74, 60, 34.6410161514
46, 0, 30, 15, 60, 34.6410161514
46, 1, 450, 229, 60, 34.6410161514
46, 2, 905, 20, 60, 34.6410161514
46, 3, 817, 127, 60, 34.6410161514
46, 4, 507, 176, 60, 34.6410161514
46, 5, 880, 74, 60, 34.6410161514
47, 0, 49, 15, 60, 34.6410161514
47, 1, 469, 229, 60, 34.6410161514
47, 2, 924, 20, 60, 34.6410161514
47, 3, 836, 127, 60, 34.6410161514
47, 4, 526, 176, 60, 34.6410161514
47, 5, 899, 74, 60, 34.6410161514
48, 0, 68, 15, 60, 34.6410161514
48, 1, 488, 229, 60, 34.6410161514
48, 2, 943, 20, 60, 34.6410161514
48, 3, 855, 127, 60, 34.6410161514
48, 4, 545, 176, 60, 34.6410161514
48, 5, 918, 74, 60, 34.6410161514
49, 0, 87, 15, 60, 34.6410161514
49, 1, 507, 229, 60, 34.6410161514
49, 2, 962, 20, 60, 34.6410161514
49, 3, 874, 127, 60, 34.6410161514
49, 4, 564, 176, 60, 34.6410161514
49, 5, 937, 74, 60, 34.6410161514
50, 0, 106, 15, 60, 34.6410161514
50, 1, 526, 229, 60, 34.6410161514
50, 2, 981, 20, 60, 34.6410161514
50, 3, 893, 127, 60, 34.6410161514
50, 4, 583, 176, 60, 34.6410161514
50, 5, 956, 74, 60, 34.6410161514
51, 0, 125, 15, 60, 34.6410161514
51, 1, 545, 229, 60, 34.6410161514
51, 2, 1000, 20, 60, 34.6410161514
51, 3, 912, 127, 60, 34.6410161514
51, 4, 602, 176, 60, 34.6410161514
51, 5, 975, 74, 60, 34.6410161514
52, 0, 144, 15, 60, 34.6410161514
52, 1, 564, 229, 60, 34.6410161514
52, 2, 1019, 20, 60, 34.6410161514
52, 3, 931, 127, 60, 34.6410161514
52, 4, 621, 176, 60, 34.6410161514
52, 5, 994, 74, 60, 34.6410161514
53, 0, 163, 15, 60, 34.6410161514
53, 1, 583, 229, 60, 34.6410161514
53, 2, 1038, 20, 60, 34.6410161514
53, 3, 950, 127, 60, 34.6410161514
53, 4, 640, 176, 60, 34.6410161514
53, 5, 1013, 74, 60, 34.6410161514
54, 0, 182, 15, 60, 34.6410161514
54, 1, 602, 229, 60, 34.6410161514
54, 2, 1057, 20, 60, 34.6410161514
54, 3, 969, 127, 60, 34.6410161514
54, 4, 659, 176, 60, 34.6410161514
54, 5, 1032, 74, 60, 34.6410161514
55, 0, 200, 19, 60, 34.6410161514
55, 1, 621, 229, 60, 34.6410161514
55, 2, 1076, 20, 60, 34.6410161514
55, 3, 988, 127, 60, 34.6410161514
55, 4, 678, 176, 60, 34.6410161514
55, 5, 1051, 74, 60, 34.6410161514
56, 0, 218, 26, 60, 34.6410161514
56, 1, 640, 229, 60, 34.6410161514
56, 2, 1095, 20, 60, 34.6410161514
56, 3, 1007, 127, 60, 34.6410161514
56, 4, 697, 176, 60, 34.6410161514
56, 5, 1070, 74, 60, 34.6410161514
57, 0, 225, 40, 60, 34.6410161514
57, 1, 659, 229, 60, 34.6410161514
57, 2, 1114, 20, 60, 34.6410161514
57, 3, 1026, 127, 60, 34.6410161514
57, 4, 716, 176, 60, 34.6410161514
57, 5, 1089, 74, 60, 34.6410161514
58, 0, 225, 59, 60, 34.6410161514
58, 1, 678, 229, 60, 34.6410161514
58, 2, 1133, 20, 60, 34.6410161514
58, 3, 1045, 127, 60, 34.6410161514
58, 4, 735, 176, 60, 34.6410161514
58, 5, 1108, 74, 60, 34.6410161514
59, 0, 220, 77, 60, 34.6410161514
59, 1, 697, 229, 60, 34.6410161514
59, 2, 1152, 20, 60, 34.6410161514
59, 3, 1064, 127, 60, 34.6410161514
59, 4, 754, 176, 60, 34.6410161514
59, 5, 1127, 74, 60, 34.6410161514
60, 0, 208, 92, 60, 34.6410161514
60, 1, 716, 229, 60, 34.6410161514
60, 2, 1171, 20, 60, 34.6410161514
60, 3, 1083, 127, 60, 34.6410161514
60, 4, 773, 176, 60, 34.6410161514
60, 5, 1146, 74, 60, 34.6410161514
61, 0, 198, 108, 60, 34.6410161514
61, 1, 735, 229, 60, 34.6410161514
61, 2, 1190, 20, 60, 34.6410161514
61, 3, 1102, 127, 60, 34.6410161514
61, 4, 792, 176, 60, 34.6410161514
61, 5, 1165, 74, 60, 34.6410161514
62, 0, 186, 123, 60, 34.6410161514
62, 1, 754, 229, 60, 34.6410161514
62, 2, 1209, 20, 60, 34.6410161514
62, 3, 1121, 127, 60, 34.6410161514
62, 4, 811, 176, 60, 34.6410161514
62, 5, 1184, 74, 60, 34.6410161514
63, 0, 172, 137, 60, 34.6410161514
63, 1, 773, 229, 60, 34.6410161514
63, 2, 1228, 20, 60, 34.6410161514
63, 3, 1140, 127, 60, 34.6410161514
63, 4, 830, 176, 60, 34.6410161514
63, 5, 1203, 74, 60, 34.6410161514
64, 0, 155, 146, 60, 34.6410161514
64, 1, 792, 229, 60, 34.6410161514
64, 2, 1247, 20, 60, 34.6410161514
64, 3, 1159, 127, 60, 34.6410161514
64, 4, 849, 176, 60, 34.6410161514
64, 5, 1222, 74, 60, 34.6410161514
65, 0, 139, 157, 60, 34.6410161514
65, 1, 811, 229, 60, 34.6410161514
65, 2, 1266, 20, 60, 34.6410161514
65, 3, 1178, 127, 60, 34.6410161514
65, 4, 868, 176, 60, 34.6410161514
65, 5, 1241, 74, 60, 34.6410161514
66, 0, 122, 166, 60, 34.6410161514
66, 1, 830, 229, 60, 34.6410161514
66, 2, 1285, 20, 60, 34.6410161514
66, 3, 1197, 127, 60, 34.6410161514
66, 4, 887, 176, 60, 34.6410161514
66, 5, 1260, 74, 60, 34.6410161514
67, 0, 104, 164, 60, 34.6410161514
67, 1, 849, 229, 60, 34.6410161514
67, 2, 1304, 20, 60, 34.6410161514
67, 3, 1216, 127, 60, 34.6410161514
67, 4, 906, 176, 60, 34.6410161514
67, 5, 1279, 74, 60, 34.6410161514
68, 0, 86, 157, 60, 34.6410161514
68, 1, 868, 229, 60, 34.6410161514
68, 2, 1323, 20, 60, 34.6410161514
68, 3, 1235, 127, 60, 34.6410161514
68, 4, 925, 176, 60, 34.6410161514
68, 5, 1298, 74, 60, 34.6410161514
69, 0, 70, 146, 60, 34.6410161514
69, 1, 887, 229, 60, 34.6410161514
69, 2, 1342, 20, 60, 34.6410161514
69, 3, 1254, 127, 60, 34.6410161514
69, 4, 944, 176, 60, 34.6410161514
69, 5, 1317, 74, 60, 34.6410161514
70, 0, 59, 130, 60, 34.6410161514
70, 1, 906, 229, 60, 34.6410161514
70, 2, 1361, 20, 60, 34.6410161514
70, 3, 1273, 127, 61, 35.2183664206
70, 4, 963, 176, 60, 34.6410161514
70, 5, 1336, 74, 60, 34.6410161514
71, 0, 45, 118, 60, 34.6410161514
71, 1, 925, 229, 60, 34.6410161514
71, 2, 1380, 20, 60, 34.6410161514
71, 3, 1292, 127, 61, 35.2183664206
71, 4, 982, 176, 60, 34.6410161514
71, 5, 1355, 74, 60, 34.6410161514
72, 0, 27, 111, 60, 34.6410161514
72, 1, 944, 229, 60, 34.6410161514
72, 2, 1399, 20, 60, 34.6410161514
72, 3, 1311, 127, 61, 35.2183664206
72, 4, 1001, 176, 60, 34.6410161514
72, 5, 1374, 74, 60, 34.6410161514
73, 0, 15, 119, 60, 34.6410161514
73, 1, 963, 229, 60, 34.6410161514
73, 2, 1418, 20, 60, 34.6410161514
73, 3, 1330, 127, 61, 35.2183664206
73, 4, 1020, 176, 60, 34.6410161514
73, 5, 1393, 74, 60, 34.6410161514
74, 0, 12, 137, 60, 34.6410161514
74, 1, 982, 229, 60, 34.6410161514
74, 2, 1437, 20, 60, 34.6410161514
74, 3, 1349, 127, 61, 35.2183664206
74, 4, 1039, 176, 60, 34.6410161514
74, 5, 1412, 74, 60, 34.6410161514
75, 0, 12, 156, 60, 34.6410161514
75, 1, 1001, 229, 60, 34.6410161514
75, 2, 1456, 20, 60, 34.6410161514
75, 3, 1368, 127, 61, 35.2183664206
75, 4, 1058, 176, 60, 34.6410161514
75, 5, 1431, 74, 60, 34.6410161514
76, 0, 12, 175, 60, 34.6410161514
76, 1, 1020, 229, 61, 35.2183664206
76, 2, 1475, 20, 60, 34.6410161514
76, 3, 1387, 127, 61, 35.2183664206
76, 4, 1077, 176, 60, 34.6410161514
76, 5, 1450, 74, 60, 34.6410161514
77, 0, 12, 194, 60, 34.6410161514
77, 1, 1039, 229, 61, 35.2183664206
77, 2, 1494, 20, 60, 34.6410161514
77, 3, 1406, 127, 61, 35.2183664206
77, 4, 1096, 176, 60, 34.6410161514
77, 5, 1469, 74, 60, 34.6410161514
78, 0, 16, 212, 60, 34.6410161514
78, 1, 1058, 229, 61, 35.2183664206
78, 2, 1513, 20, 60, 34.6410161514
78, 3, 1425, 127, 61, 35.2183664206
78, 4, 1115, 176, 60, 34.6410161514
78, 5, 1488, 74, 60, 34.6410161514
79, 0, 23, 230, 60, 34.6410161514
79, 1, 1077, 229, 61, 35.2183664206
79, 2, 1532, 20, 60, 34.6410161514
79, 3, 1444, 127, 61, 35.2183664206
79, 4, 1134, 176, 61, 35.2183664206
79, 5, 1507, 74, 60, 34.6410161514
80, 0, 34, 245, 60, 34.6410161514
80, 1, 1096, 229, 61, 35.2183664206
80, 2, 1551, 20, 60, 34.6410161514
80, 3, 1463, 127, 61, 35.2183664206
80, 4, 1153, 176, 61, 35.2183664206
80, 5, 1526, 74, 60, 34.6410161514
81, 0, 48, 258, 60, 34.6410161514
81, 1, 1115, 229, 61, 35.2183664206
81, 2, 1570, 20, 60, 34.6410161514
81, 3, 1482, 127, 61, 35.2183664206
81, 4, 1172, 176, 61, 35.2183664206
81, 5, 1545, 74, 60, 34.6410161514
82, 0, 64, 267, 60, 34.6410161514
82, 1, 1134, 229, 61, 35.2183664206
82, 2, 1589, 20, 60, 34.6410161514
82, 3, 1501, 127, 61, 35.2183664206
82, 4, 1191, 176, 61, 35.2183664206
82, 5, 1564, 74, 60, 34.6410161514
83, 0, 82, 274, 60, 34.6410161514
83, 1, 1153, 229, 62, 35.7957166898
83, 2, 1608, 20, 60, 34.6410161514
83, 3, 1520, 127, 61, 35.2183664206
83, 4, 1210, 176, 61, 35.2183664206
83, 5, 1583, 74, 60, 34.6410161514
84, 0, 100, 281, 60, 34.6410161514
84, 1, 1172, 229, 62, 35.7957166898
84, 2, 1627, 20, 60, 34.6410161514
84, 3, 1539, 127, 61, 35.2183664206
84, 4, 1229, 176, 61, 35.2183664206
84, 5, 1602, 74, 60, 34.6410161514
85, 0, 118, 283, 60, 34.6410161514
85, 1, 1191, 229, 62, 35.7957166898
85, 2, 1646, 20, 60, 34.6410161514
85, 3, 1558, 127, 61, 35.2183664206
85, 4, 1248, 176, 61, 35.2183664206
85, 5, 1621, 74, 60, 34.6410161514
86, 0, 137, 283, 60, 34.6410161514
86, 1, 1210, 229, 62, 35.7957166898
86, 2, 1665, 20, 60, 34.6410161514
86, 3, 1577, 127, 61, 35.2183664206
86, 4, 1267, 176, 61, 35.2183664206
86, 5, 1640, 74, 60, 34.6410161514
87, 0, 156, 283, 60, 34.6410161514
87, 1, 1229, 229, 62, 35.7957166898
87, 2, 1684, 20, 60, 34.6410161514
87, 3, 1596, 127, 61, 35.2183664206
87, 4, 1286, 176, 61, 35.2183664206
87, 5, 1659, 74, 60, 34.6410161514
88, 0, 175, 283, 60, 34.6410161514
88, 1, 1248, 229, 62, 35.7957166898
88, 2, 1703, 20, 60, 34.6410161514
88, 3, 1615, 127, 61, 35.2183664206
88, 4, 1305, 176, 61, 35.2183664206
88, 5, 1678, 74, 60, 34.6410161514
89, 0, 194, 283, 60, 34.6410161514
89, 1, 1267, 229, 63, 36.3730669589
89, 2, 1722, 20, 60, 34.6410161514
89, 3, 1634, 127, 61, 35.2183664206
89, 4, 1324, 176, 62, 35.7957166898
89, 5, 1697, 74, 60, 34.6410161514
90, 0, 213, 283, 60, 34.6410161514
90, 1, 1286, 229, 63, 36.3730669589
90, 2, 1741, 20, 60, 34.6410161514
90, 3, 1653, 127, 61, 35.2183664206
90, 4, 1343, 176, 62, 35.7957166898
90, 5, 1716, 74, 60, 34.6410161514
91, 0, 232, 283, 60, 34.6410161514
91, 1, 1305, 229, 63, 36.3730669589
91, 2, 1760, 20, 60, 34.6410161514
91, 3, 1672, 127, 61, 35.2183664206
91, 4, 1362, 176, 62, 35.7957166898
91, 5, 1735, 74, 60, 34.6410161514
92, 0, 251, 283, 60, 34.6410161514
92, 1, 1312, 240, 63, 36.3730669589
92, 2, 1779, 20, 60, 34.6410161514
92, 3, 1691, 127, 61, 35.2183664206
92, 4, 1381, 176, 62, 35.7957166898
92, 5, 1754, 74, 60, 34.6410161514
93, 0, 270, 283, 60, 34.6410161514
93, 1, 1322, 242, 64, 36.9504172281
93, 2, 1798, 20, 60, 34.6410161514
93, 3, 1710, 127, 61, 35.2183664206
93, 4, 1400, 176, 62, 35.7957166898
93, 5, 1773, 74, 60, 34.6410161514
94, 0, 289, 283, 60, 34.6410161514
94, 1, 1340, 238, 64, 36.9504172281
94, 2, 1817, 20, 60, 34.6410161514
94, 3, 1729, 127, 61, 35.2183664206
94, 4, 1419, 176, 62, 35.7957166898
94, 5, 1792, 74, 60, 34.6410161514
95, 0, 308, 283, 60, 34.6410161514
95, 1, 1351, 248, 64, 36.9504172281
95, 2, 1836, 20, 60, 34.6410161514
95, 3, 1748, 127, 61, 35.2183664206
95, 4, 1438, 176, 62, 35.7957166898
95, 5, 1811, 74, 60, 34.6410161514
96, 0, 327, 283, 60, 34.6410161514
96, 1, 1365, 255, 65, 37.5277674973
96, 2, 1855, 20, 60, 34.6410161514
96, 3, 1767, 127, 60, 34.6410161514
96, 4, 1457, 176, 62, 35.7957166898
96, 5, 1830, 74, 60, 34.6410161514
97, 0, 346, 283, 60, 34.6410161514
97, 1, 1384, 255, 65, 37.5277674973
97, 2, 1874, 20, 60, 34.6410161514
97, 3, 1786, 127, 60, 34.6410161514
97, 4, 1476, 176, 62, 35.7957166898
97, 5, 1849, 74, 60, 34.6410161514
98, 0, 365, 283, 60, 34.6410161514
98, 1, 1400, 262, 65, 37.5277674973
98, 2, 1893, 20, 60, 34.6410161514
98, 3, 1805, 127, 60, 34.6410161514
98, 4, 1495, 176, 62, 35.7957166898
98, 5, 1868, 74, 60, 34.6410161514
99, 0, 384, 283, 60, 34.6410161514
99, 1, 1409, 278, 66, 38.1051177665
99, 2, 1912, 20, 60, 34.6410161514
99, 3, 1824, 127, 60, 34.6410161514
99, 4, 1514, 176, 62, 35.7957166898
99, 5, 1887, 74, 60, 34.6410161514
100, 0, 403, 283, 60, 34.6410161514
100, 1, 1423, 285, 67, 38.6824680357
100, 2, 1931, 20, 60, 34.6410161514
100, 3, 1843, 127, 60, 34.6410161514
100, 4, 1533, 176, 62, 35.7957166898
100, 5, 1906, 74, 60, 34.6410161514
101, 0, 422, 283, 60, 34.6410161514
101, 1, 1442, 285, 67, 38.6824680357
101, 2, 1950, 20, 60, 34.6410161514
101, 3, 1862, 127, 60, 34.6410161514
101, 4, 1552, 176, 62, 35.7957166898
101, 5, 1925, 74, 60, 34.6410161514
102, 0, 441, 283, 60, 34.6410161514
102, 1, 1461, 285, 67, 38.6824680357
102, 2, 1969, 20, 60, 34.6410161514
102, 3, 1881, 127, 60, 34.6410161514
102, 4, 1571, 176, 62, 35.7957166898
102, 5, 1944, 74, 60, 34.6410161514
103, 0, 460, 283, 60, 34.6410161514
103, 1, 1480, 285, 67, 38.6824680357
103, 2, 1980, 30, 60, 34.6410161514
103, 3, 1900, 127, 60, 34.6410161514
103, 4, 1590, 176, 62, 35.7957166898
103, 5, 1962, 78, 60, 34.6410161514
104, 0, 479, 283, 60, 34.6410161514
104, 1, 1499, 285, 67, 38.6824680357
104, 2, 1982, 48, 60, 34.6410161514
104, 3, 1919, 127, 60, 34.6410161514
104, 4, 1609, 176, 62, 35.7957166898
104, 5, 1980, 85, 60, 34.6410161514
105, 0, 498, 283, 60, 34.6410161514
105, 1, 1518, 285, 67, 38.6824680357
105, 2, 1982, 55, 60, 34.6410161514
105, 3, 1938, 127, 60, 34.6410161514
105, 4, 1628, 176, 62, 35.7957166898
105, 5, 1987, 99, 60, 34.6410161514
106, 0, 517, 283, 60, 34.6410161514
106, 1, 1537, 285, 67, 38.6824680357
106, 2, 1982, 55, 60, 34.6410161514
106, 3, 1954, 134, 60, 34.6410161514
106, 4, 1647, 176, 62, 35.7957166898
106, 5, 1987, 106, 60, 34.6410161514
107, 0, 536, 283, 60, 34.6410161514
107, 1, 1556, 285, 67, 38.6824680357
107, 2, 1971, 50, 60, 34.6410161514
107, 3, 1968, 147, 60, 34.6410161514
107, 4, 1666, 176, 62, 35.7957166898
107, 5, 1987, 106, 60, 34.6410161514
108, 0, 555, 283, 60, 34.6410161514
108, 1, 1575, 285, 67, 38.6824680357
108, 2, 1953, 43, 60, 34.6410161514
108, 3, 1977, 163, 60, 34.6410161514
108, 4, 1685, 176, 62, 35.7957166898
108, 5, 1987, 106, 60, 34.6410161514
109, 0, 574, 283, 60, 34.6410161514
109, 1, 1594, 285, 67, 38.6824680357
109, 2, 1935, 36, 60, 34.6410161514
109, 3, 1979, 181, 60, 34.6410161514
109, 4, 1704, 176, 62, 35.7957166898
109, 5, 1976, 101, 60, 34.6410161514
110, 0, 593, 283, 60, 34.6410161514
110, 1, 1613, 285, 67, 38.6824680357
110, 2, 1916, 33, 60, 34.6410161514
110, 3, 1979, 200, 60, 34.6410161514
110, 4, 1723, 176, 61, 35.2183664206
110, 5, 1958, 94, 60, 34.6410161514
111, 0, 612, 283, 60, 34.6410161514
111, 1, 1632, 285, 67, 38.6824680357
111, 2, 1897, 33, 60, 34.6410161514
111, 3, 1979, 219, 61, 35.2183664206
111, 4, 1742, 176, 61, 35.2183664206
111, 5, 1940, 87, 60, 34.6410161514
112, 0, 631, 283, 60, 34.6410161514
112, 1, 1651, 285, 66, 38.1051177665
112, 2, 1878, 33, 60, 34.6410161514
112, 3, 1979, 238, 61, 35.2183664206
112, 4, 1761, 176, 61, 35.2183664206
112, 5, 1921, 84, 60, 34.6410161514
113, 0, 650, 283, 60, 34.6410161514
113, 1, 1670, 285, 66, 38.1051177665
113, 2, 1859, 33, 60, 34.6410161514
113, 3, 1979, 257, 61, 35.2183664206
113, 4, 1780, 176, 61, 35.2183664206
113, 5, 1902, 84, 60, 34.6410161514
114, 0, 669, 283, 60, 34.6410161514
114, 1, 1689, 285, 66, 38.1051177665
114, 2, 1840, 33, 60, 34.6410161514
114, 3, 1979, 276, 62, 35.7957166898
114, 4, 1799, 176, 61, 35.2183664206
114, 5, 1883, 84, 60, 34.6410161514
115, 0, 688, 283, 60, 34.6410161514
115, 1, 1708, 285, 66, 38.1051177665
115, 2, 1821, 33, 60, 34.6410161514
115, 3, 1979, 295, 62, 35.7957166898
115, 4, 1818, 176, 61, 35.2183664206
115, 5, 1864, 84, 60, 34.6410161514
116, 0, 707, 283, 60, 34.6410161514
116, 1, 1727, 285, 65, 37.5277674973
116, 2, 1802, 33, 60, 34.6410161514
116, 3, 1979, 315, 62, 35.7957166898
116, 4, 1837, 176, 61, 35.2183664206
116, 5, 1845, 84, 60, 34.6410161514
117, 0, 726, 283, 60, 34.6410161514
117, 1, 1746, 285, 65, 37.5277674973
117, 2, 1783, 33, 60, 34.6410161514
117, 3, 1979, 335, 63, 36.3730669589
117, 4, 1856, 176, 61, 35.2183664206
117, 5, 1826, 84, 60, 34.6410161514
118, 0, 745, 283, 60, 34.6410161514
118, 1, 1765, 285, 65, 37.5277674973
118, 2, 1764, 33, 60, 34.6410161514
118, 3, 1979, 354, 64, 36.9504172281
118, 4, 1875, 176, 61, 35.2183664206
118, 5, 1807, 84, 60, 34.6410161514
119, 0, 764, 283, 60, 34.6410161514
119, 1, 1784, 285, 65, 37.5277674973
119, 2, 1745, 33, 60, 34.6410161514
119, 3, 1979, 373, 64, 36.9504172281
119, 4, 1894, 176, 61, 35.2183664206
119, 5, 1788, 84, 60, 34.6410161514
120, 0, 783, 283, 60, 34.6410161514
120, 1, 1795, 295, 65, 37.5277674973
120, 2, 1726, 33, 60, 34.6410161514
120, 3, 1967, 380, 65, 37.5277674973
120, 4, 1913, 176, 60, 34.6410161514
120, 5, 1769, 84, 60, 34.6410161514
121, 0, 802, 283, 60, 34.6410161514
121, 1, 1809, 302, 65, 37.5277674973
121, 2, 1707, 33, 60, 34.6410161514
121, 3, 1948, 384, 66, 38.1051177665
121, 4, 1929, 183, 60, 34.6410161514
121, 5, 1750, 84, 60, 34.6410161514
122, 0, 821, 283, 60, 34.6410161514
122, 1, 1828, 302, 65, 37.5277674973
122, 2, 1688, 33, 60, 34.6410161514
122, 3, 1936, 397, 67, 38.6824680357
122, 4, 1934, 199, 61, 35.2183664206
122, 5, 1731, 84, 60, 34.6410161514
123, 0, 840, 283, 60, 34.6410161514
123, 1, 1839, 312, 65, 37.5277674973
123, 2, 1669, 33, 60, 34.6410161514
123, 3, 1937, 415, 68, 39.2598183049
123, 4, 1929, 217, 61, 35.2183664206
123, 5, 1712, 84, 60, 34.6410161514
124, 0, 859, 283, 60, 34.6410161514
124, 1, 1853, 319, 65, 37.5277674973
124, 2, 1650, 33, 60, 34.6410161514
124, 3, 1948, 430, 68, 39.2598183049
124, 4, 1926, 235, 61, 35.2183664206
124, 5, 1693, 84, 60, 34.6410161514
125, 0, 878, 283, 60, 34.6410161514
125, 1, 1872, 319, 65, 37.5277674973
125, 2, 1631, 33, 60, 34.6410161514
125, 3, 1965, 435, 68, 39.2598183049
125, 4, 1926, 254, 62, 35.7957166898
125, 5, 1674, 84, 60, 34.6410161514
126, 0, 897, 283, 60, 34.6410161514
126, 1, 1888, 326, 65, 37.5277674973
126, 2, 1612, 33, 60, 34.6410161514
126, 3, 1976, 445, 68, 39.2598183049
126, 4, 1926, 273, 62, 35.7957166898
126, 5, 1655, 84, 60, 34.6410161514
127, 0, 916, 283, 60, 34.6410161514
127, 1, 1897, 342, 65, 37.5277674973
127, 2, 1593, 33, 60, 34.6410161514
127, 3, 1978, 463, 69, 39.8371685741
127, 4, 1914, 281, 62, 35.7957166898
127, 5, 1636, 84, 60, 34.6410161514
128, 0, 935, 283, 61, 35.2183664206
128, 1, 1895, 360, 66, 38.1051177665
128, 2, 1574, 33, 60, 34.6410161514
128, 3, 1978, 482, 71, 40.9918691125
128, 4, 1895, 276, 63, 36.3730669589
128, 5, 1617, 84, 60, 34.6410161514
129, 0, 954, 283, 61, 35.2183664206
129, 1, 1888, 378, 67, 38.6824680357
129, 2, 1555, 33, 60, 34.6410161514
129, 3, 1978, 501, 72, 41.5692193817
129, 4, 1877, 269, 63, 36.3730669589
129, 5, 1598, 84, 60, 34.6410161514
