0, 0, 10, 4, 60, 71.5052155557
1, 0, 28, 11, 60, 71.5052155557
2, 0, 46, 18, 60, 71.5052155557
3, 0, 64, 25, 61, 72.6969691482
4, 0, 82, 32, 61, 72.6969691482
5, 0, 100, 34, 63, 75.0804763334
6, 0, 119, 34, 64, 76.272229926
7, 0, 138, 34, 66, 78.6557371112
8, 0, 157, 34, 69, 82.230997889
9, 0, 176, 34, 72, 85.8062586668
10, 0, 183, 45, 75, 89.3815194446
11, 0, 194, 52, 78, 92.9567802223
12, 0, 213, 52, 83, 98.9155481853
13, 0, 232, 52, 88, 104.874316148
14, 0, 251, 52, 93, 110.833084111
15, 0, 270, 52, 98, 116.791852074
16, 0, 289, 52, 103, 122.750620037
17, 0, 308, 52, 108, 128.709388
18, 0, 327, 52, 113, 134.668155963
19, 0, 346, 52, 117, 139.435170334
20, 0, 364, 56, 122, 145.393938296
21, 0, 382, 58, 125, 148.969199074
22, 0, 401, 58, 127, 151.352706259
23, 0, 420, 58, 128, 152.544459852
24, 0, 438, 62, 129, 153.736213445
25, 0, 456, 64, 129, 153.736213445
26, 0, 475, 64, 127, 151.352706259
27, 0, 494, 64, 124, 147.777445482
28, 0, 513, 64, 120, 143.010431111
29, 0, 532, 64, 115, 137.051663148
30, 0, 551, 64, 110, 131.092895185
31, 0, 570, 64, 104, 123.94237363
32, 0, 589, 64, 98, 116.791852074
33, 0, 608, 64, 93, 110.833084111
34, 0, 627, 64, 87, 103.682562556
35, 0, 646, 64, 82, 97.7237945927
36, 0, 665, 64, 78, 92.9567802223
37, 0, 684, 64, 83, 98.9155481853
38, 0, 703, 64, 89, 106.066069741
39, 0, 722, 64, 95, 113.216591296
40, 0, 741, 64, 102, 121.558866445
41, 0, 760, 64, 109, 129.901141593
42, 0, 779, 64, 116, 138.243416741
43, 0, 798, 64, 123, 146.585691889
44, 0, 817, 64, 130, 154.927967037
45, 0, 836, 64, 136, 162.078488593
46, 0, 852, 71, 143, 170.420763741
47, 0, 861, 87, 153, 182.338299667
48, 0, 868, 105, 162, 193.064082
49, 0, 870, 123, 169, 201.406357148
50, 0, 870, 142, 175, 208.556878704
51, 0, 870, 161, 180, 214.515646667
52, 0, 870, 180, 183, 218.090907445
53, 0, 870, 199, 184, 219.282661037
54, 0, 870, 218, 184, 219.282661037
55, 0, 870, 237, 181, 215.70740026
56, 0, 870, 256, 177, 210.940385889
57, 0, 870, 275, 172, 204.981617926
58, 0, 870, 294, 175, 208.556878704
59, 0, 870, 313, 181, 215.70740026
60, 0, 870, 332, 185, 220.47441463
61, 0, 870, 351, 187, 222.857921815
62, 0, 870, 370, 188, 224.049675408
63, 0, 870, 389, 187, 222.857921815
64, 0, 870, 408, 184, 219.282661037
65, 0, 870, 427, 179, 213.323893074
66, 0, 870, 446, 182, 216.899153852
67, 0, 870, 465, 185, 220.47441463
68, 0, 870, 484, 187, 222.857921815
69, 0, 870, 503, 187, 222.857921815
70, 0, 870, 522, 185, 220.47441463
71, 0, 870, 541, 182, 216.899153852
72, 0, 870, 560, 177, 210.940385889
73, 0, 870, 556, 178, 212.132139482
74, 0, 859, 544, 178, 212.132139482
75, 0, 840, 541, 173, 206.173371519
76, 0, 821, 541, 166, 197.831096371
77, 0, 802, 545, 157, 187.105314037
78, 0, 783, 547, 148, 176.379531704
79, 0, 786, 547, 149, 177.571285297
80, 0, 804, 542, 159, 189.488821222
81, 0, 807, 528, 162, 193.064082
82, 0, 795, 513, 158, 188.29706763
83, 0, 778, 503, 151, 179.954792482
84, 0, 759, 500, 145, 172.804270926
85, 0, 751, 488, 148, 176.379531704
86, 0, 739, 480, 148, 176.379531704
87, 0, 723, 472, 146, 173.996024519
88, 0, 709, 459, 145, 172.804270926
89, 0, 692, 453, 139, 165.653749371
90, 0, 673, 457, 130, 154.927967037
91, 0, 655, 455, 122, 145.393938296
92, 0, 652, 463, 119, 141.818677519
93, 0, 647, 478, 113, 134.668155963
94, 0, 633, 492, 103, 122.750620037
95, 0, 616, 501, 95, 113.216591296
96, 0, 597, 503, 88, 104.874316148
97, 0, 581, 511, 82, 97.7237945927
98, 0, 571, 527, 77, 91.7650266298
99, 0, 559, 542, 72, 85.8062586668
100, 0, 553, 559, 69, 82.230997889
101, 0, 553, 578, 72, 85.8062586668
102, 0, 553, 597, 76, 90.5732730372
103, 0, 557, 615, 81, 96.5320410001
104, 0, 564, 633, 87, 103.682562556
105, 0, 571, 651, 95, 113.216591296
106, 0, 578, 669, 103, 122.750620037
107, 0, 589, 684, 111, 132.284648778
108, 0, 603, 697, 121, 144.202184704
109, 0, 617, 710, 131, 156.11972063
110, 0, 631, 723, 141, 168.037256556
111, 0, 645, 736, 151, 179.954792482
112, 0, 659, 749, 160, 190.680574815
113, 0, 673, 762, 169, 201.406357148
114, 0, 687, 775, 176, 209.748632297
115, 0, 701, 788, 182, 216.899153852
116, 0, 717, 797, 186, 221.666168223
117, 0, 735, 804, 188, 224.049675408
118, 0, 753, 811, 189, 225.241429
119, 0, 771, 818, 187, 222.857921815
120, 0, 789, 820, 183, 218.090907445
121, 0, 804, 811, 177, 210.940385889
122, 0, 813, 794, 171, 203.789864334
123, 0, 820, 776, 163, 194.255835593
124, 0, 827, 758, 155, 184.721806852
125, 0, 819, 755, 157, 187.105314037
126, 0, 811, 746, 156, 185.913560445
127, 0, 811, 727, 149, 177.571285297
128, 0, 799, 719, 149, 177.571285297
129, 0, 791, 707, 145, 172.804270926
130, 0, 791, 688, 135, 160.886735
131, 0, 795, 669, 125, 148.969199074
132, 0, 809, 661, 119, 141.818677519
133, 0, 805, 665, 122, 145.393938296
134, 0, 797, 679, 130, 154.927967037
135, 0, 805, 694, 135, 160.886735
136, 0, 822, 699, 133, 158.503227815
137, 0, 837, 690, 125, 148.969199074
138, 0, 853, 679, 121, 144.202184704
139, 0, 871, 671, 127, 151.352706259
140, 0, 882, 657, 136, 162.078488593
141, 0, 889, 639, 146, 173.996024519
142, 0, 891, 620, 156, 185.913560445
143, 0, 891, 601, 164, 195.447589185
144, 0, 891, 582, 172, 204.981617926
145, 0, 891, 563, 179, 213.323893074
146, 0, 891, 544, 185, 220.47441463
147, 0, 891, 525, 189, 225.241429
148, 0, 891, 506, 191, 227.624936185
149, 0, 891, 487, 191, 227.624936185
150, 0, 886, 468, 189, 225.241429
151, 0, 883, 449, 185, 220.47441463
152, 0, 878, 430, 179, 213.323893074
153, 0, 875, 411, 182, 216.899153852
154, 0, 875, 392, 185, 220.47441463
155, 0, 875, 373, 187, 222.857921815
156, 0, 870, 354, 187, 222.857921815
157, 0, 858, 339, 188, 224.049675408
158, 0, 841, 329, 188, 224.049675408
159, 0, 823, 322, 187, 222.857921815
160, 0, 807, 311, 184, 219.282661037
161, 0, 790, 301, 178, 212.132139482
162, 0, 772, 302, 175, 208.556878704
163, 0, 753, 304, 170, 202.598110741
164, 0, 734, 299, 162, 193.064082
165, 0, 738, 296, 163, 194.255835593
166, 0, 741, 285, 160, 190.680574815
167, 0, 734, 267, 151, 179.954792482
168, 0, 731, 248, 143, 170.420763741
169, 0, 726, 229, 133, 158.503227815
170, 0, 734, 221, 132, 157.311474222
171, 0, 745, 210, 130, 154.927967037
172, 0, 747, 191, 128, 152.544459852
173, 0, 742, 172, 124, 147.777445482
174, 0, 739, 153, 121, 144.202184704
175, 0, 730, 137, 114, 135.859909556
176, 0, 713, 127, 105, 125.134127222
177, 0, 695, 120, 96, 114.408344889
178, 0, 687, 105, 91, 108.449576926
179, 0, 678, 89, 85, 101.299055371
180, 0, 661, 79, 81, 96.5320410001
181, 0, 642, 76, 86, 102.490808963
182, 0, 623, 80, 92, 109.641330519
183, 0, 605, 87, 100, 119.175359259
184, 0, 589, 98, 109, 129.901141593
185, 0, 575, 112, 119, 141.818677519
186, 0, 561, 126, 129, 153.736213445
187, 0, 548, 140, 139, 165.653749371
188, 0, 535, 154, 149, 177.571285297
189, 0, 525, 170, 158, 188.29706763
190, 0, 518, 188, 165, 196.639342778
191, 0, 507, 203, 172, 204.981617926
192, 0, 494, 217, 179, 213.323893074
193, 0, 484, 233, 183, 218.090907445
194, 0, 477, 251, 185, 220.47441463
195, 0, 470, 269, 185, 220.47441463
196, 0, 463, 287, 183, 218.090907445
197, 0, 452, 302, 181, 215.70740026
198, 0, 442, 318, 177, 210.940385889
199, 0, 435, 336, 170, 202.598110741
200, 0, 420, 343, 168, 200.214603556
201, 0, 404, 351, 163, 194.255835593
202, 0, 398, 368, 155, 184.721806852
203, 0, 408, 370, 154, 183.53005326
204, 0, 423, 358, 161, 191.872328408
205, 0, 428, 363, 158, 188.29706763
206, 0, 432, 381, 149, 177.571285297
207, 0, 434, 399, 140, 166.845502963
208, 0, 426, 415, 131, 156.11972063
209, 0, 420, 432, 122, 145.393938296
210, 0, 420, 428, 124, 147.777445482
211, 0, 415, 409, 134, 159.694981408
212, 0, 401, 406, 135, 160.886735
213, 0, 386, 417, 128, 152.544459852
214, 0, 370, 418, 126, 150.160952667
215, 0, 355, 423, 121, 144.202184704
216, 0, 342, 437, 112, 133.476402371
217, 0, 348, 442, 111, 132.284648778
218, 0, 359, 452, 108, 128.709388
219, 0, 361, 470, 100, 119.175359259
220, 0, 356, 488, 92, 109.641330519
221, 0, 349, 506, 85, 101.299055371
222, 0, 350, 524, 79, 94.1485338149
223, 0, 357, 542, 75, 89.3815194446
224, 0, 364, 560, 71, 84.6145050742
225, 0, 358, 575, 68, 81.0392442964
226, 0, 352, 592, 65, 77.4639835186
227, 0, 341, 603, 64, 76.272229926
228, 0, 329, 616, 62, 73.8887227408
229, 0, 315, 627, 61, 72.6969691482
230, 0, 307, 641, 61, 72.6969691482
231, 0, 296, 644, 61, 72.6969691482
232, 0, 280, 649, 60, 71.5052155557
233, 0, 263, 654, 60, 71.5052155557
234, 0, 251, 664, 60, 71.5052155557
235, 0, 248, 682, 60, 71.5052155557
236, 0, 252, 700, 60, 71.5052155557
237, 0, 263, 715, 60, 71.5052155557
238, 0, 279, 724, 60, 71.5052155557
239, 0, 297, 731, 60, 71.5052155557
240, 0, 315, 733, 60, 71.5052155557
241, 0, 334, 733, 61, 72.6969691482
242, 0, 353, 733, 62, 73.8887227408
243, 0, 360, 744, 62, 73.8887227408
244, 0, 355, 762, 62, 73.8887227408
245, 0, 352, 780, 62, 73.8887227408
246, 0, 343, 796, 62, 73.8887227408
247, 0, 345, 809, 62, 73.8887227408
248, 0, 339, 818, 62, 73.8887227408
249, 0, 321, 825, 61, 72.6969691482
250, 0, 302, 827, 60, 71.5052155557
251, 0, 283, 827, 60, 71.5052155557
252, 0, 271, 837, 60, 71.5052155557
253, 0, 268, 855, 60, 71.5052155557
254, 0, 272, 873, 60, 71.5052155557
255, 0, 283, 888, 60, 71.5052155557
256, 0, 297, 901, 60, 71.5052155557
257, 0, 313, 910, 61, 72.6969691482
258, 0, 331, 912, 61, 72.6969691482
259, 0, 350, 912, 62, 73.8887227408
260, 0, 369, 912, 64, 76.272229926
261, 0, 387, 907, 66, 78.6557371112
262, 0, 405, 903, 69, 82.230997889
263, 0, 424, 903, 74, 88.189765852
264, 0, 442, 907, 78, 92.9567802223
265, 0, 457, 917, 82, 97.7237945927
266, 0, 473, 926, 87, 103.682562556
267, 0, 491, 933, 92, 109.641330519
268, 0, 502, 925, 98, 116.791852074
269, 0, 504, 906, 101, 120.367112852
270, 0, 499, 887, 101, 120.367112852
271, 0, 492, 869, 99, 117.983605667
272, 0, 489, 850, 98, 116.791852074
273, 0, 489, 831, 98, 116.791852074
274, 0, 489, 812, 97, 115.600098482
275, 0, 489, 793, 96, 114.408344889
276, 0, 489, 774, 94, 112.024837704
277, 0, 484, 755, 90, 107.257823333
278, 0, 481, 736, 86, 102.490808963
279, 0, 476, 717, 82, 97.7237945927
280, 0, 473, 698, 78, 92.9567802223
281, 0, 473, 679, 75, 89.3815194446
282, 0, 473, 660, 73, 86.9980122594
283, 0, 473, 641, 70, 83.4227514816
284, 0, 480, 625, 69, 82.230997889
285, 0, 496, 614, 70, 83.4227514816
286, 0, 514, 610, 72, 85.8062586668
287, 0, 529, 601, 73, 86.9980122594
288, 0, 545, 590, 73, 86.9980122594
289, 0, 560, 578, 73, 86.9980122594
290, 0, 573, 564, 72, 85.8062586668
291, 0, 589, 553, 76, 90.5732730372
292, 0, 604, 557, 79, 94.1485338149
293, 0, 613, 573, 78, 92.9567802223
294, 0, 620, 591, 85, 101.299055371
295, 0, 622, 609, 91, 108.449576926
296, 0, 626, 627, 99, 117.983605667
297, 0, 633, 645, 108, 128.709388
298, 0, 640, 663, 117, 139.435170334
299, 0, 647, 681, 127, 151.352706259
300, 0, 654, 699, 137, 163.270242185
301, 0, 661, 717, 147, 175.187778111
302, 0, 668, 735, 157, 187.105314037
303, 0, 675, 753, 166, 197.831096371
304, 0, 682, 771, 174, 207.365125111
305, 0, 689, 789, 181, 215.70740026
306, 0, 700, 804, 186, 221.666168223
307, 0, 716, 813, 190, 226.433182593
308, 0, 734, 820, 191, 227.624936185
309, 0, 752, 827, 191, 227.624936185
310, 0, 770, 825, 188, 224.049675408
311, 0, 785, 813, 183, 218.090907445
312, 0, 779, 811, 184, 219.282661037
313, 0, 771, 802, 184, 219.282661037
314, 0, 775, 783, 179, 213.323893074
315, 0, 788, 771, 172, 204.981617926
316, 0, 803, 759, 164, 195.447589185
317, 0, 797, 757, 165, 196.639342778
318, 0, 785, 749, 165, 196.639342778
319, 0, 782, 730, 157, 187.105314037
320, 0, 782, 711, 148, 176.379531704
321, 0, 786, 714, 149, 177.571285297
322, 0, 800, 721, 149, 177.571285297
323, 0, 811, 710, 141, 168.037256556
324, 0, 809, 713, 143, 170.420763741
325, 0, 795, 724, 152, 181.146546074
326, 0, 787, 738, 160, 190.680574815
327, 0, 795, 753, 164, 195.447589185
328, 0, 792, 766, 169, 201.406357148
329, 0, 786, 783, 176, 209.748632297
330, 0, 794, 798, 178, 212.132139482
331, 0, 808, 811, 175, 208.556878704
332, 0, 802, 820, 179, 213.323893074
333, 0, 784, 827, 185, 220.47441463
334, 0, 766, 834, 189, 225.241429
335, 0, 769, 841, 189, 225.241429
336, 0, 787, 848, 185, 220.47441463
337, 0, 802, 842, 180, 214.515646667
338, 0, 815, 828, 175, 208.556878704
339, 0, 824, 811, 169, 201.406357148
340, 0, 826, 792, 165, 196.639342778
341, 0, 830, 773, 159, 189.488821222
342, 0, 837, 755, 151, 179.954792482
343, 0, 844, 737, 142, 169.229010148
344, 0, 851, 719, 132, 157.311474222
345, 0, 862, 719, 128, 152.544459852
346, 0, 871, 735, 130, 154.927967037
347, 0, 878, 753, 132, 157.311474222
348, 0, 885, 771, 134, 159.694981408
349, 0, 892, 789, 134, 159.694981408
350, 0, 894, 807, 135, 160.886735
351, 0, 894, 826, 137, 163.270242185
352, 0, 894, 845, 138, 164.461995778
353, 0, 886, 861, 141, 168.037256556
354, 0, 870, 870, 149, 177.571285297
355, 0, 852, 877, 157, 187.105314037
356, 0, 833, 879, 165, 196.639342778
357, 0, 814, 879, 173, 206.173371519
358, 0, 795, 879, 179, 213.323893074
359, 0, 776, 879, 184, 219.282661037
360, 0, 757, 879, 188, 224.049675408
361, 0, 738, 879, 189, 225.241429
362, 0, 719, 879, 189, 225.241429
363, 0, 700, 879, 187, 222.857921815
364, 0, 681, 879, 183, 218.090907445
365, 0, 662, 879, 178, 212.132139482
366, 0, 643, 879, 171, 203.789864334
367, 0, 624, 879, 163, 194.255835593
368, 0, 605, 879, 154, 183.53005326
369, 0, 608, 879, 156, 185.913560445
370, 0, 627, 879, 165, 196.639342778
371, 0, 646, 879, 172, 204.981617926
372, 0, 665, 879, 179, 213.323893074
373, 0, 684, 879, 184, 219.282661037
374, 0, 691, 867, 187, 222.857921815
375, 0, 691, 848, 188, 224.049675408
376, 0, 686, 829, 187, 222.857921815
377, 0, 679, 811, 183, 218.090907445
378, 0, 672, 793, 178, 212.132139482
379, 0, 660, 778, 170, 202.598110741
380, 0, 654, 761, 163, 194.255835593
381, 0, 654, 742, 156, 185.913560445
382, 0, 661, 726, 151, 179.954792482
383, 0, 674, 712, 148, 176.379531704
384, 0, 679, 695, 140, 166.845502963
385, 0, 687, 695, 142, 169.229010148
386, 0, 703, 695, 144, 171.612517334
387, 0, 714, 681, 137, 163.270242185
388, 0, 716, 662, 127, 151.352706259
389, 0, 727, 654, 123, 146.585691889
390, 0, 742, 645, 119, 141.818677519
391, 0, 751, 628, 112, 133.476402371
392, 0, 758, 610, 120, 143.010431111
393, 0, 768, 594, 129, 153.736213445
394, 0, 781, 580, 139, 165.653749371
395, 0, 797, 569, 149, 177.571285297
396, 0, 815, 561, 159, 189.488821222
397, 0, 830, 549, 168, 200.214603556
398, 0, 839, 532, 175, 208.556878704
399, 0, 846, 514, 179, 213.323893074
400, 0, 853, 496, 183, 218.090907445
401, 0, 847, 481, 180, 214.515646667
402, 0, 845, 465, 178, 212.132139482
403, 0, 852, 447, 177, 210.940385889
404, 0, 850, 429, 182, 216.899153852
405, 0, 851, 411, 186, 221.666168223
406, 0, 853, 392, 189, 225.241429
407, 0, 853, 373, 191, 227.624936185
408, 0, 853, 354, 190, 226.433182593
409, 0, 853, 335, 188, 224.049675408
410, 0, 848, 316, 185, 220.47441463
411, 0, 841, 298, 180, 214.515646667
412, 0, 838, 279, 174, 207.365125111
413, 0, 842, 260, 167, 199.022849963
414, 0, 844, 241, 172, 204.981617926
415, 0, 848, 222, 176, 209.748632297
416, 0, 855, 204, 179, 213.323893074
417, 0, 847, 192, 176, 209.748632297
418, 0, 831, 181, 169, 201.406357148
419, 0, 825, 187, 167, 199.022849963
420, 0, 814, 198, 162, 193.064082
421, 0, 795, 200, 153, 182.338299667
422, 0, 779, 192, 145, 172.804270926
423, 0, 762, 182, 135, 160.886735
424, 0, 743, 179, 125, 148.969199074
425, 0, 746, 179, 127, 151.352706259
426, 0, 765, 179, 137, 163.270242185
427, 0, 772, 167, 139, 165.653749371
428, 0, 763, 151, 132, 157.311474222
429, 0, 749, 138, 123, 146.585691889
430, 0, 735, 125, 114, 135.859909556
431, 0, 740, 119, 115, 137.051663148
432, 0, 758, 114, 122, 145.393938296
433, 0, 776, 106, 129, 153.736213445
434, 0, 794, 102, 135, 160.886735
435, 0, 813, 102, 143, 170.420763741
436, 0, 832, 102, 150, 178.763038889
437, 0, 848, 109, 158, 188.29706763
438, 0, 857, 125, 166, 197.831096371
439, 0, 864, 143, 174, 207.365125111
440, 0, 866, 161, 179, 213.323893074
441, 0, 866, 180, 182, 216.899153852
442, 0, 866, 199, 183, 218.090907445
443, 0, 866, 218, 182, 216.899153852
444, 0, 861, 236, 179, 213.323893074
445, 0, 858, 254, 174, 207.365125111
446, 0, 853, 272, 170, 202.598110741
447, 0, 854, 290, 176, 209.748632297
448, 0, 856, 308, 182, 216.899153852
449, 0, 856, 327, 186, 221.666168223
450, 0, 856, 346, 189, 225.241429
451, 0, 844, 353, 191, 227.624936185
452, 0, 825, 353, 192, 228.816689778
453, 0, 806, 353, 191, 227.624936185
454, 0, 787, 353, 188, 224.049675408
455, 0, 768, 353, 183, 218.090907445
456, 0, 749, 348, 177, 210.940385889
457, 0, 737, 356, 173, 206.173371519
458, 0, 723, 367, 167, 199.022849963
459, 0, 705, 374, 159, 189.488821222
460, 0, 687, 381, 149, 177.571285297
461, 0, 679, 395, 144, 171.612517334
462, 0, 679, 414, 142, 169.229010148
463, 0, 671, 430, 135, 160.886735
464, 0, 665, 447, 128, 152.544459852
465, 0, 654, 458, 121, 144.202184704
466, 0, 658, 460, 122, 145.393938296
467, 0, 677, 460, 131, 156.11972063
468, 0, 688, 470, 132, 157.311474222
469, 0, 690, 488, 127, 151.352706259
470, 0, 682, 504, 119, 141.818677519
471, 0, 669, 518, 109, 129.901141593
472, 0, 659, 534, 101, 120.367112852
473, 0, 656, 552, 94, 112.024837704
474, 0, 644, 559, 89, 106.066069741
475, 0, 625, 563, 83, 98.9155481853
476, 0, 606, 565, 78, 92.9567802223
477, 0, 587, 565, 74, 88.189765852
478, 0, 568, 565, 71, 84.6145050742
479, 0, 549, 565, 69, 82.230997889
480, 0, 530, 569, 68, 81.0392442964
481, 0, 514, 564, 69, 82.230997889
482, 0, 500, 551, 72, 85.8062586668
483, 0, 486, 538, 76, 90.5732730372
484, 0, 475, 522, 81, 96.5320410001
485, 0, 467, 503, 88, 104.874316148
486, 0, 459, 485, 96, 114.408344889
487, 0, 452, 467, 104, 123.94237363
488, 0, 449, 448, 113, 134.668155963
489, 0, 449, 429, 123, 146.585691889
490, 0, 449, 410, 133, 158.503227815
491, 0, 449, 391, 143, 170.420763741
492, 0, 449, 372, 152, 181.146546074
493, 0, 449, 353, 162, 193.064082
494, 0, 453, 334, 169, 201.406357148
495, 0, 455, 315, 176, 209.748632297
496, 0, 455, 296, 182, 216.899153852
497, 0, 444, 284, 187, 222.857921815
498, 0, 428, 273, 190, 226.433182593
499, 0, 411, 263, 191, 227.624936185
500, 0, 392, 260, 189, 225.241429
501, 0, 373, 260, 185, 220.47441463
502, 0, 361, 249, 183, 218.090907445
503, 0, 346, 241, 178, 212.132139482
504, 0, 327, 236, 171, 203.789864334
505, 0, 319, 221, 166, 197.831096371
506, 0, 319, 202, 164, 195.447589185
507, 0, 310, 186, 157, 187.105314037
508, 0, 296, 173, 148, 176.379531704
509, 0, 279, 163, 138, 164.461995778
510, 0, 283, 160, 139, 165.653749371
511, 0, 302, 160, 147, 175.187778111
512, 0, 320, 155, 153, 182.338299667
513, 0, 338, 147, 157, 187.105314037
514, 0, 356, 139, 159, 189.488821222
515, 0, 374, 131, 160, 190.680574815
516, 0, 392, 127, 161, 191.872328408
517, 0, 411, 127, 163, 194.255835593
518, 0, 430, 127, 163, 194.255835593
519, 0, 449, 127, 162, 193.064082
520, 0, 468, 127, 159, 189.488821222
521, 0, 487, 127, 155, 184.721806852
522, 0, 506, 127, 150, 178.763038889
523, 0, 522, 134, 147, 175.187778111
524, 0, 539, 139, 143, 170.420763741
525, 0, 557, 134, 134, 159.694981408
526, 0, 575, 130, 125, 148.969199074
527, 0, 593, 125, 116, 138.243416741
528, 0, 588, 121, 117, 139.435170334
529, 0, 569, 121, 124, 147.777445482
530, 0, 550, 116, 130, 154.927967037
531, 0, 532, 109, 134, 159.694981408
532, 0, 513, 106, 139, 165.653749371
533, 0, 494, 106, 144, 171.612517334
534, 0, 475, 106, 148, 176.379531704
535, 0, 456, 106, 151, 179.954792482
536, 0, 437, 106, 152, 181.146546074
537, 0, 418, 106, 153, 182.338299667
538, 0, 399, 106, 152, 181.146546074
539, 0, 380, 106, 149, 177.571285297
540, 0, 361, 106, 146, 173.996024519
541, 0, 342, 106, 141, 168.037256556
542, 0, 323, 106, 135, 160.886735
543, 0, 326, 106, 136, 162.078488593
544, 0, 345, 106, 142, 169.229010148
545, 0, 352, 117, 149, 177.571285297
546, 0, 347, 135, 155, 184.721806852
547, 0, 340, 153, 160, 190.680574815
548, 0, 337, 171, 164, 195.447589185
549, 0, 337, 190, 169, 201.406357148
550, 0, 341, 208, 174, 207.365125111
551, 0, 348, 226, 178, 212.132139482
552, 0, 359, 241, 182, 216.899153852
553, 0, 373, 254, 186, 221.666168223
554, 0, 387, 267, 187, 222.857921815
555, 0, 388, 283, 185, 220.47441463
556, 0, 377, 298, 179, 213.323893074
557, 0, 361, 307, 173, 206.173371519
558, 0, 346, 318, 165, 196.639342778
559, 0, 333, 332, 155, 184.721806852
560, 0, 332, 348, 149, 177.571285297
561, 0, 324, 359, 142, 169.229010148
562, 0, 312, 372, 133, 158.503227815
563, 0, 297, 379, 125, 148.969199074
564, 0, 281, 387, 116, 138.243416741
565, 0, 264, 392, 108, 128.709388
566, 0, 244, 392, 101, 120.367112852
567, 0, 232, 381, 100, 119.175359259
568, 0, 217, 373, 97, 115.600098482
569, 0, 198, 373, 90, 107.257823333
570, 0, 182, 381, 84, 100.107301778
571, 0, 168, 395, 78, 92.9567802223
572, 0, 154, 409, 72, 85.8062586668
573, 0, 137, 414, 69, 82.230997889
574, 0, 125, 424, 66, 78.6557371112
575, 0, 110, 431, 64, 76.272229926
576, 0, 98, 441, 63, 75.0804763334
577, 0, 84, 452, 61, 72.6969691482
578, 0, 68, 463, 61, 72.6969691482
579, 0, 62, 480, 60, 71.5052155557
580, 0, 70, 495, 60, 71.5052155557
581, 0, 84, 508, 60, 71.5052155557
582, 0, 100, 517, 60, 71.5052155557
583, 0, 118, 524, 61, 72.6969691482
584, 0, 136, 531, 61, 72.6969691482
585, 0, 143, 545, 61, 72.6969691482
586, 0, 153, 556, 61, 72.6969691482
587, 0, 160, 570, 61, 72.6969691482
588, 0, 151, 586, 60, 71.5052155557
589, 0, 149, 602, 60, 71.5052155557
590, 0, 151, 620, 60, 71.5052155557
591, 0, 151, 639, 60, 71.5052155557
592, 0, 151, 658, 60, 71.5052155557
593, 0, 151, 677, 60, 71.5052155557
594, 0, 151, 696, 60, 71.5052155557
595, 0, 155, 714, 60, 71.5052155557
596, 0, 162, 732, 60, 71.5052155557
597, 0, 169, 750, 60, 71.5052155557
598, 0, 171, 768, 60, 71.5052155557
599, 0, 171, 787, 60, 71.5052155557
600, 0, 171, 806, 60, 71.5052155557
601, 0, 171, 825, 60, 71.5052155557
602, 0, 171, 844, 60, 71.5052155557
603, 0, 171, 863, 60, 71.5052155557
604, 0, 175, 881, 60, 71.5052155557
605, 0, 182, 899, 60, 71.5052155557
606, 0, 189, 917, 60, 71.5052155557
607, 0, 196, 935, 60, 71.5052155557
608, 0, 188, 946, 60, 71.5052155557
609, 0, 170, 953, 60, 71.5052155557
610, 0, 151, 955, 60, 71.5052155557
611, 0, 132, 955, 60, 71.5052155557
612, 0, 113, 955, 60, 71.5052155557
613, 0, 94, 955, 60, 71.5052155557
614, 0, 75, 955, 60, 71.5052155557
615, 0, 56, 955, 60, 71.5052155557
616, 0, 43, 944, 60, 71.5052155557
617, 0, 39, 925, 60, 71.5052155557
618, 0, 39, 906, 60, 71.5052155557
619, 0, 39, 887, 60, 71.5052155557
620, 0, 39, 868, 60, 71.5052155557
621, 0, 39, 849, 60, 71.5052155557
622, 0, 39, 830, 60, 71.5052155557
623, 0, 39, 811, 60, 71.5052155557
624, 0, 39, 792, 60, 71.5052155557
625, 0, 39, 773, 60, 71.5052155557
626, 0, 39, 754, 60, 71.5052155557
627, 0, 39, 735, 60, 71.5052155557
628, 0, 39, 716, 60, 71.5052155557
629, 0, 39, 697, 60, 71.5052155557
630, 0, 39, 678, 60, 71.5052155557
631, 0, 39, 659, 60, 71.5052155557
632, 0, 39, 640, 60, 71.5052155557
633, 0, 39, 621, 60, 71.5052155557
634, 0, 39, 602, 60, 71.5052155557
635, 0, 39, 583, 60, 71.5052155557
636, 0, 39, 564, 60, 71.5052155557
637, 0, 39, 545, 60, 71.5052155557
638, 0, 39, 526, 60, 71.5052155557
639, 0, 39, 507, 60, 71.5052155557
640, 0, 39, 488, 60, 71.5052155557
641, 0, 39, 469, 60, 71.5052155557
642, 0, 39, 450, 60, 71.5052155557
643, 0, 39, 431, 60, 71.5052155557
644, 0, 39, 412, 61, 72.6969691482
645, 0, 39, 393, 61, 72.6969691482
646, 0, 39, 374, 61, 72.6969691482
647, 0, 43, 355, 62, 73.8887227408
648, 0, 45, 336, 62, 73.8887227408
649, 0, 45, 317, 62, 73.8887227408
650, 0, 45, 298, 63, 75.0804763334
651, 0, 45, 279, 63, 75.0804763334
652, 0, 45, 260, 63, 75.0804763334
653, 0, 45, 241, 63, 75.0804763334
654, 0, 45, 222, 63, 75.0804763334
655, 0, 45, 203, 63, 75.0804763334
656, 0, 45, 184, 63, 75.0804763334
657, 0, 45, 165, 62, 73.8887227408
658, 0, 45, 146, 62, 73.8887227408
659, 0, 45, 127, 62, 73.8887227408
660, 0, 45, 108, 61, 72.6969691482
661, 0, 45, 89, 61, 72.6969691482
662, 0, 45, 70, 61, 72.6969691482
663, 0, 55, 57, 61, 72.6969691482
664, 0, 73, 49, 62, 73.8887227408
665, 0, 91, 45, 62, 73.8887227408
666, 0, 110, 45, 64, 76.272229926
667, 0, 129, 45, 66, 78.6557371112
668, 0, 140, 55, 68, 81.0392442964
669, 0, 142, 73, 70, 83.4227514816
670, 0, 153, 80, 73, 86.9980122594
671, 0, 160, 91, 76, 90.5732730372
672, 0, 160, 110, 79, 94.1485338149
673, 0, 160, 129, 82, 97.7237945927
674, 0, 160, 148, 84, 100.107301778
675, 0, 160, 167, 86, 102.490808963
676, 0, 160, 186, 87, 103.682562556
677, 0, 155, 204, 87, 103.682562556
678, 0, 163, 215, 90, 107.257823333
679, 0, 181, 217, 98, 116.791852074
680, 0, 199, 212, 106, 126.325880815
681, 0, 214, 200, 112, 133.476402371
682, 0, 227, 186, 117, 139.435170334
683, 0, 240, 172, 121, 144.202184704
684, 0, 249, 155, 122, 145.393938296
685, 0, 251, 136, 118, 140.626923926
686, 0, 258, 120, 116, 138.243416741
687, 0, 274, 109, 119, 141.818677519
688, 0, 292, 101, 123, 146.585691889
689, 0, 310, 97, 128, 152.544459852
690, 0, 329, 97, 133, 158.503227815
691, 0, 348, 97, 138, 164.461995778
692, 0, 367, 97, 143, 170.420763741
693, 0, 386, 97, 146, 173.996024519
694, 0, 405, 97, 148, 176.379531704
695, 0, 424, 97, 148, 176.379531704
696, 0, 443, 97, 147, 175.187778111
697, 0, 462, 97, 145, 172.804270926
698, 0, 481, 97, 142, 169.229010148
699, 0, 500, 97, 138, 164.461995778
700, 0, 519, 97, 133, 158.503227815
701, 0, 538, 97, 127, 151.352706259
702, 0, 557, 97, 120, 143.010431111
703, 0, 576, 97, 114, 135.859909556
704, 0, 594, 92, 105, 125.134127222
705, 0, 612, 88, 98, 116.791852074
706, 0, 630, 83, 91, 108.449576926
707, 0, 648, 75, 84, 100.107301778
708, 0, 643, 71, 84, 100.107301778
709, 0, 624, 71, 90, 107.257823333
710, 0, 605, 71, 96, 114.408344889
711, 0, 586, 71, 101, 120.367112852
712, 0, 567, 71, 107, 127.517634408
713, 0, 548, 71, 113, 134.668155963
714, 0, 529, 71, 119, 141.818677519
715, 0, 510, 71, 123, 146.585691889
716, 0, 491, 71, 128, 152.544459852
717, 0, 472, 71, 131, 156.11972063
718, 0, 453, 71, 133, 158.503227815
719, 0, 434, 71, 134, 159.694981408
720, 0, 415, 71, 134, 159.694981408
721, 0, 396, 71, 133, 158.503227815
722, 0, 377, 71, 131, 156.11972063
723, 0, 358, 71, 128, 152.544459852
724, 0, 346, 81, 130, 154.927967037
725, 0, 331, 88, 130, 154.927967037
726, 0, 312, 88, 124, 147.777445482
727, 0, 293, 88, 118, 140.626923926
728, 0, 274, 88, 112, 133.476402371
729, 0, 254, 88, 105, 125.134127222
730, 0, 235, 83, 97, 115.600098482
731, 0, 216, 80, 90, 107.257823333
732, 0, 197, 75, 83, 98.9155481853
733, 0, 179, 68, 77, 91.7650266298
734, 0, 160, 65, 73, 86.9980122594
735, 0, 141, 60, 69, 82.230997889
736, 0, 122, 57, 66, 78.6557371112
737, 0, 103, 57, 64, 76.272229926
738, 0, 84, 52, 62, 73.8887227408
739, 0, 68, 57, 61, 72.6969691482
740, 0, 62, 74, 62, 73.8887227408
741, 0, 62, 93, 62, 73.8887227408
742, 0, 57, 111, 62, 73.8887227408
743, 0, 50, 129, 62, 73.8887227408
744, 0, 47, 147, 62, 73.8887227408
745, 0, 47, 166, 63, 75.0804763334
746, 0, 47, 185, 63, 75.0804763334
747, 0, 47, 204, 63, 75.0804763334
748, 0, 47, 223, 63, 75.0804763334
749, 0, 47, 242, 63, 75.0804763334
750, 0, 51, 260, 64, 76.272229926
751, 0, 58, 278, 64, 76.272229926
752, 0, 69, 293, 65, 77.4639835186
753, 0, 83, 306, 67, 79.8474907038
754, 0, 97, 319, 69, 82.230997889
755, 0, 111, 332, 71, 84.6145050742
756, 0, 127, 341, 74, 88.189765852
757, 0, 145, 348, 78, 92.9567802223
758, 0, 160, 358, 81, 96.5320410001
759, 0, 177, 363, 85, 101.299055371
760, 0, 196, 363, 91, 108.449576926
761, 0, 215, 363, 98, 116.791852074
762, 0, 234, 363, 106, 126.325880815
763, 0, 253, 363, 113, 134.668155963
764, 0, 271, 358, 122, 145.393938296
765, 0, 289, 354, 131, 156.11972063
766, 0, 308, 354, 138, 164.461995778
767, 0, 327, 354, 145, 172.804270926
768, 0, 346, 354, 151, 179.954792482
769, 0, 357, 364, 149, 177.571285297
770, 0, 364, 382, 143, 170.420763741
771, 0, 366, 400, 134, 159.694981408
772, 0, 366, 396, 136, 162.078488593
773, 0, 370, 377, 146, 173.996024519
774, 0, 384, 369, 152, 181.146546074
775, 0, 402, 373, 152, 181.146546074
776, 0, 417, 383, 148, 176.379531704
777, 0, 426, 399, 140, 166.845502963
778, 0, 421, 414, 132, 157.311474222
779, 0, 415, 431, 123, 146.585691889
780, 0, 415, 450, 113, 134.668155963
781, 0, 426, 457, 110, 131.092895185
782, 0, 442, 464, 106, 126.325880815
783, 0, 443, 480, 99, 117.983605667
784, 0, 451, 491, 94, 112.024837704
785, 0, 462, 504, 88, 104.874316148
786, 0, 476, 511, 85, 101.299055371
787, 0, 494, 515, 82, 97.7237945927
788, 0, 512, 517, 80, 95.3402874075
789, 0, 523, 527, 76, 90.5732730372
790, 0, 534, 542, 72, 85.8062586668
791, 0, 543, 558, 68, 81.0392442964
792, 0, 556, 569, 71, 84.6145050742
793, 0, 563, 583, 74, 88.189765852
794, 0, 558, 601, 78, 92.9567802223
795, 0, 546, 616, 79, 94.1485338149
796, 0, 529, 625, 78, 92.9567802223
797, 0, 510, 632, 75, 89.3815194446
798, 0, 492, 639, 73, 86.9980122594
799, 0, 474, 646, 71, 84.6145050742
800, 0, 455, 648, 68, 81.0392442964
801, 0, 436, 643, 65, 77.4639835186
802, 0, 417, 640, 63, 75.0804763334
803, 0, 398, 635, 62, 73.8887227408
804, 0, 379, 632, 62, 73.8887227408
805, 0, 360, 627, 62, 73.8887227408
806, 0, 342, 620, 62, 73.8887227408
807, 0, 324, 613, 62, 73.8887227408
808, 0, 308, 618, 62, 73.8887227408
809, 0, 294, 615, 62, 73.8887227408
810, 0, 284, 620, 61, 72.6969691482
811, 0, 272, 635, 61, 72.6969691482
812, 0, 262, 651, 60, 71.5052155557
813, 0, 263, 669, 60, 71.5052155557
814, 0, 265, 687, 60, 71.5052155557
815, 0, 265, 706, 60, 71.5052155557
816, 0, 275, 717, 60, 71.5052155557
817, 0, 293, 724, 60, 71.5052155557
818, 0, 311, 731, 60, 71.5052155557
819, 0, 322, 744, 61, 72.6969691482
820, 0, 329, 762, 61, 72.6969691482
821, 0, 323, 777, 61, 72.6969691482
822, 0, 306, 786, 60, 71.5052155557
823, 0, 294, 799, 60, 71.5052155557
824, 0, 287, 817, 60, 71.5052155557
825, 0, 280, 835, 60, 71.5052155557
826, 0, 277, 853, 60, 71.5052155557
827, 0, 281, 871, 60, 71.5052155557
828, 0, 288, 889, 60, 71.5052155557
829, 0, 290, 907, 60, 71.5052155557
830, 0, 290, 926, 60, 71.5052155557
831, 0, 290, 945, 60, 71.5052155557
832, 0, 300, 956, 60, 71.5052155557
833, 0, 318, 958, 60, 71.5052155557
834, 0, 337, 958, 61, 72.6969691482
835, 0, 356, 958, 62, 73.8887227408
836, 0, 367, 947, 63, 75.0804763334
837, 0, 374, 929, 64, 76.272229926
838, 0, 376, 910, 65, 77.4639835186
839, 0, 380, 891, 66, 78.6557371112
840, 0, 390, 875, 67, 79.8474907038
841, 0, 403, 861, 70, 83.4227514816
842, 0, 412, 844, 72, 85.8062586668
843, 0, 419, 826, 74, 88.189765852
844, 0, 426, 808, 75, 89.3815194446
845, 0, 439, 796, 78, 92.9567802223
846, 0, 457, 797, 84, 100.107301778
847, 0, 472, 807, 90, 107.257823333
848, 0, 481, 823, 94, 112.024837704
849, 0, 488, 841, 98, 116.791852074
850, 0, 501, 843, 104, 123.94237363
851, 0, 508, 851, 107, 127.517634408
852, 0, 508, 870, 106, 126.325880815
853, 0, 508, 889, 105, 125.134127222
854, 0, 518, 900, 108, 128.709388
855, 0, 536, 907, 116, 138.243416741
856, 0, 554, 909, 124, 147.777445482
857, 0, 573, 909, 134, 159.694981408
858, 0, 592, 909, 143, 170.420763741
859, 0, 611, 909, 151, 179.954792482
860, 0, 630, 909, 160, 190.680574815
861, 0, 649, 909, 167, 199.022849963
862, 0, 668, 909, 173, 206.173371519
863, 0, 687, 909, 177, 210.940385889
864, 0, 706, 909, 181, 215.70740026
865, 0, 725, 909, 182, 216.899153852
866, 0, 744, 909, 182, 216.899153852
867, 0, 751, 897, 184, 219.282661037
868, 0, 762, 889, 185, 220.47441463
869, 0, 781, 889, 181, 215.70740026
870, 0, 800, 889, 176, 209.748632297
871, 0, 815, 880, 172, 204.981617926
872, 0, 824, 863, 171, 203.789864334
873, 0, 826, 844, 171, 203.789864334
874, 0, 830, 825, 169, 201.406357148
875, 0, 837, 807, 163, 194.255835593
876, 0, 832, 808, 166, 197.831096371
877, 0, 816, 809, 172, 204.981617926
878, 0, 804, 795, 174, 207.365125111
879, 0, 801, 776, 170, 202.598110741
880, 0, 805, 757, 162, 193.064082
881, 0, 818, 745, 154, 183.53005326
882, 0, 825, 730, 146, 173.996024519
883, 0, 829, 711, 137, 163.270242185
884, 0, 842, 699, 127, 151.352706259
885, 0, 860, 695, 120, 143.010431111
886, 0, 875, 686, 120, 143.010431111
887, 0, 884, 669, 130, 154.927967037
888, 0, 891, 651, 140, 166.845502963
889, 0, 893, 632, 150, 178.763038889
890, 0, 893, 613, 159, 189.488821222
891, 0, 893, 594, 168, 200.214603556
892, 0, 893, 575, 175, 208.556878704
893, 0, 893, 556, 182, 216.899153852
894, 0, 893, 537, 187, 222.857921815
895, 0, 893, 518, 190, 226.433182593
896, 0, 893, 499, 191, 227.624936185
897, 0, 893, 480, 191, 227.624936185
898, 0, 893, 461, 188, 224.049675408
899, 0, 893, 442, 184, 219.282661037
900, 0, 893, 423, 179, 213.323893074
901, 0, 888, 404, 180, 214.515646667
902, 0, 885, 385, 183, 218.090907445
903, 0, 885, 366, 184, 219.282661037
904, 0, 874, 354, 187, 222.857921815
905, 0, 866, 339, 187, 222.857921815
906, 0, 866, 320, 183, 218.090907445
907, 0, 866, 301, 178, 212.132139482
908, 0, 854, 293, 177, 210.940385889
909, 0, 835, 293, 179, 213.323893074
910, 0, 827, 281, 175, 208.556878704
911, 0, 827, 262, 167, 199.022849963
912, 0, 831, 265, 168, 200.214603556
913, 0, 833, 283, 175, 208.556878704
914, 0, 822, 294, 179, 213.323893074
915, 0, 804, 301, 180, 214.515646667
916, 0, 786, 308, 180, 214.515646667
917, 0, 771, 319, 179, 213.323893074
918, 0, 758, 333, 178, 212.132139482
919, 0, 745, 347, 175, 208.556878704
920, 0, 732, 361, 171, 203.789864334
921, 0, 716, 362, 164, 195.447589185
922, 0, 700, 351, 156, 185.913560445
923, 0, 683, 350, 147, 175.187778111
924, 0, 687, 352, 149, 177.571285297
925, 0, 705, 356, 158, 188.29706763
926, 0, 723, 358, 167, 199.022849963
927, 0, 734, 347, 171, 203.789864334
928, 0, 736, 328, 169, 201.406357148
929, 0, 727, 312, 162, 193.064082
930, 0, 721, 295, 156, 185.913560445
931, 0, 710, 283, 148, 176.379531704
932, 0, 713, 276, 147, 175.187778111
933, 0, 716, 262, 143, 170.420763741
934, 0, 709, 244, 134, 159.694981408
935, 0, 717, 236, 133, 158.503227815
936, 0, 724, 224, 131, 156.11972063
937, 0, 719, 205, 121, 144.202184704
938, 0, 727, 197, 120, 143.010431111
939, 0, 734, 185, 121, 144.202184704
940, 0, 734, 166, 120, 143.010431111
941, 0, 738, 147, 119, 141.818677519
942, 0, 745, 129, 120, 143.010431111
943, 0, 758, 117, 123, 146.585691889
944, 0, 776, 109, 129, 153.736213445
945, 0, 794, 105, 136, 162.078488593
946, 0, 813, 105, 144, 171.612517334
947, 0, 832, 105, 151, 179.954792482
948, 0, 843, 115, 159, 189.488821222
949, 0, 850, 133, 167, 199.022849963
950, 0, 857, 151, 174, 207.365125111
951, 0, 859, 169, 178, 212.132139482
952, 0, 859, 188, 180, 214.515646667
953, 0, 859, 207, 181, 215.70740026
954, 0, 859, 226, 180, 214.515646667
955, 0, 859, 245, 177, 210.940385889
956, 0, 859, 264, 172, 204.981617926
957, 0, 848, 275, 171, 203.789864334
958, 0, 840, 289, 177, 210.940385889
959, 0, 844, 307, 183, 218.090907445
960, 0, 851, 325, 187, 222.857921815
961, 0, 853, 343, 189, 225.241429
962, 0, 853, 362, 191, 227.624936185
963, 0, 853, 381, 190, 226.433182593
964, 0, 853, 400, 188, 224.049675408
965, 0, 853, 419, 184, 219.282661037
966, 0, 853, 438, 179, 213.323893074
967, 0, 853, 457, 179, 213.323893074
968, 0, 845, 473, 179, 213.323893074
969, 0, 832, 487, 175, 208.556878704
970, 0, 819, 501, 170, 202.598110741
971, 0, 813, 518, 166, 197.831096371
972, 0, 802, 529, 160, 190.680574815
973, 0, 784, 536, 150, 178.763038889
974, 0, 765, 538, 141, 168.037256556
975, 0, 761, 527, 140, 166.845502963
976, 0, 755, 511, 139, 165.653749371
977, 0, 738, 505, 137, 163.270242185
978, 0, 719, 505, 131, 156.11972063
979, 0, 707, 494, 131, 156.11972063
980, 0, 692, 486, 129, 153.736213445
981, 0, 673, 490, 120, 143.010431111
982, 0, 655, 488, 113, 134.668155963
983, 0, 636, 485, 106, 126.325880815
984, 0, 617, 485, 99, 117.983605667
985, 0, 598, 485, 92, 109.641330519
986, 0, 579, 489, 85, 101.299055371
987, 0, 561, 487, 82, 97.7237945927
988, 0, 543, 480, 88, 104.874316148
989, 0, 527, 469, 94, 112.024837704
990, 0, 513, 456, 102, 121.558866445
991, 0, 499, 443, 110, 131.092895185
992, 0, 489, 427, 119, 141.818677519
993, 0, 482, 409, 129, 153.736213445
994, 0, 475, 391, 139, 165.653749371
995, 0, 468, 373, 149, 177.571285297
996, 0, 465, 354, 159, 189.488821222
997, 0, 465, 335, 167, 199.022849963
998, 0, 465, 316, 174, 207.365125111
999, 0, 465, 297, 180, 214.515646667
