0, 0, 10, 4, 183, 105.655099262
1, 0, 28, 11, 186, 107.387150069
2, 0, 46, 18, 188, 108.541850608
3, 0, 64, 25, 189, 109.119200877
4, 0, 71, 39, 190, 109.696551146
5, 0, 81, 50, 190, 109.696551146
6, 0, 99, 52, 187, 107.964500338
7, 0, 118, 52, 183, 105.655099262
8, 0, 137, 52, 178, 102.768347916
9, 0, 156, 52, 172, 99.3042463006
10, 0, 175, 52, 165, 95.2627944163
11, 0, 194, 52, 157, 90.6439922628
12, 0, 213, 52, 152, 87.7572409168
13, 0, 232, 52, 160, 92.3760430703
14, 0, 251, 52, 167, 96.4174949547
15, 0, 270, 52, 174, 100.458946839
16, 0, 289, 52, 179, 103.345698185
17, 0, 308, 52, 184, 106.232449531
18, 0, 327, 52, 188, 108.541850608
19, 0, 346, 52, 190, 109.696551146
20, 0, 365, 52, 191, 110.273901415
21, 0, 384, 52, 191, 110.273901415
22, 0, 403, 52, 190, 109.696551146
23, 0, 422, 52, 187, 107.964500338
24, 0, 441, 52, 184, 106.232449531
25, 0, 460, 52, 186, 107.387150069
26, 0, 479, 52, 186, 107.387150069
27, 0, 498, 52, 185, 106.8097998
28, 0, 517, 52, 182, 105.077748993
29, 0, 536, 52, 179, 103.345698185
30, 0, 555, 52, 177, 102.190997647
31, 0, 574, 52, 178, 102.768347916
32, 0, 593, 52, 178, 102.768347916
33, 0, 612, 52, 177, 102.190997647
34, 0, 623, 62, 178, 102.768347916
35, 0, 637, 69, 178, 102.768347916
36, 0, 656, 69, 181, 104.500398723
37, 0, 675, 69, 185, 106.8097998
38, 0, 694, 69, 189, 109.119200877
39, 0, 713, 69, 191, 110.273901415
40, 0, 732, 69, 192, 110.851251684
41, 0, 751, 69, 191, 110.273901415
42, 0, 770, 69, 189, 109.119200877
43, 0, 789, 69, 186, 107.387150069
44, 0, 808, 69, 182, 105.077748993
45, 0, 827, 69, 177, 102.190997647
46, 0, 846, 69, 171, 98.7268960314
47, 0, 865, 69, 164, 94.6854441471
48, 0, 883, 64, 156, 90.0666419936
49, 0, 901, 60, 149, 86.0251901093
50, 0, 920, 60, 141, 81.4063879557
51, 0, 916, 55, 142, 81.9837382249
52, 0, 897, 52, 150, 86.6025403784
53, 0, 878, 52, 157, 90.6439922628
54, 0, 859, 52, 165, 95.2627944163
55, 0, 840, 52, 171, 98.7268960314
56, 0, 821, 52, 177, 102.190997647
57, 0, 802, 52, 182, 105.077748993
58, 0, 783, 52, 185, 106.8097998
59, 0, 764, 52, 188, 108.541850608
60, 0, 745, 52, 189, 109.119200877
61, 0, 726, 52, 189, 109.119200877
62, 0, 707, 52, 188, 108.541850608
63, 0, 688, 52, 186, 107.387150069
64, 0, 669, 52, 182, 105.077748993
65, 0, 650, 52, 178, 102.768347916
66, 0, 631, 52, 174, 100.458946839
67, 0, 612, 52, 177, 102.190997647
68, 0, 593, 56, 179, 103.345698185
69, 0, 581, 69, 183, 105.655099262
70, 0, 578, 87, 187, 107.964500338
71, 0, 578, 106, 190, 109.696551146
72, 0, 582, 124, 192, 110.851251684
73, 0, 589, 142, 192, 110.851251684
74, 0, 600, 157, 192, 110.851251684
75, 0, 614, 170, 190, 109.696551146
76, 0, 628, 183, 186, 107.387150069
77, 0, 633, 199, 183, 105.655099262
78, 0, 643, 210, 179, 103.345698185
79, 0, 661, 217, 173, 99.8815965698
80, 0, 679, 219, 168, 96.9948452239
81, 0, 698, 219, 165, 95.2627944163
82, 0, 714, 226, 163, 94.1080938779
83, 0, 731, 231, 162, 93.5307436087
84, 0, 750, 231, 162, 93.5307436087
85, 0, 769, 231, 160, 92.3760430703
86, 0, 785, 238, 156, 90.0666419936
87, 0, 790, 254, 149, 86.0251901093
88, 0, 790, 273, 141, 81.4063879557
89, 0, 801, 280, 141, 81.4063879557
90, 0, 819, 284, 149, 86.0251901093
91, 0, 837, 286, 156, 90.0666419936
92, 0, 856, 286, 163, 94.1080938779
93, 0, 875, 286, 169, 97.572195493
94, 0, 894, 286, 175, 101.036297108
95, 0, 913, 286, 179, 103.345698185
96, 0, 924, 296, 183, 105.655099262
97, 0, 926, 314, 186, 107.387150069
98, 0, 926, 333, 188, 108.541850608
99, 0, 926, 352, 188, 108.541850608
100, 0, 915, 363, 185, 106.8097998
101, 0, 912, 376, 184, 106.232449531
102, 0, 910, 394, 181, 104.500398723
103, 0, 911, 412, 178, 102.768347916
104, 0, 918, 430, 175, 101.036297108
105, 0, 925, 448, 171, 98.7268960314
106, 0, 919, 463, 165, 95.2627944163
107, 0, 913, 480, 158, 91.221342532
108, 0, 902, 491, 152, 87.7572409168
109, 0, 894, 505, 145, 83.7157890325
110, 0, 885, 521, 137, 79.096986879
111, 0, 868, 526, 132, 76.210235533
112, 0, 852, 534, 125, 72.1687836487
113, 0, 835, 539, 119, 68.7046820336
114, 0, 838, 543, 118, 68.1273317644
115, 0, 856, 550, 120, 69.2820323028
116, 0, 874, 557, 121, 69.8593825719
117, 0, 892, 559, 123, 71.0140831103
118, 0, 911, 559, 126, 72.7461339179
119, 0, 930, 559, 128, 73.9008344563
120, 0, 945, 550, 133, 76.7875858022
121, 0, 954, 533, 141, 81.4063879557
122, 0, 956, 514, 150, 86.6025403784
123, 0, 956, 495, 157, 90.6439922628
124, 0, 956, 476, 165, 95.2627944163
125, 0, 956, 457, 172, 99.3042463006
126, 0, 956, 438, 178, 102.768347916
127, 0, 956, 419, 183, 105.655099262
128, 0, 956, 400, 187, 107.964500338
129, 0, 956, 381, 190, 109.696551146
130, 0, 956, 362, 191, 110.273901415
131, 0, 956, 343, 192, 110.851251684
132, 0, 956, 324, 191, 110.273901415
133, 0, 956, 305, 189, 109.119200877
134, 0, 956, 286, 185, 106.8097998
135, 0, 956, 267, 181, 104.500398723
136, 0, 951, 248, 175, 101.036297108
137, 0, 947, 229, 168, 96.9948452239
138, 0, 947, 210, 161, 92.9533933395
139, 0, 947, 191, 154, 88.9119414552
140, 0, 942, 172, 145, 83.7157890325
141, 0, 938, 153, 137, 79.096986879
142, 0, 942, 134, 130, 75.0555349947
143, 0, 940, 116, 133, 76.7875858022
144, 0, 941, 98, 133, 76.7875858022
145, 0, 948, 80, 129, 74.4781847255
146, 0, 946, 62, 129, 74.4781847255
147, 0, 932, 50, 135, 77.9422863406
148, 0, 913, 47, 142, 81.9837382249
149, 0, 894, 51, 151, 87.1798906476
150, 0, 878, 62, 158, 91.221342532
151, 0, 864, 76, 165, 95.2627944163
152, 0, 847, 77, 171, 98.7268960314
153, 0, 829, 70, 176, 101.613647377
154, 0, 811, 63, 181, 104.500398723
155, 0, 792, 60, 185, 106.8097998
156, 0, 773, 60, 188, 108.541850608
157, 0, 754, 60, 190, 109.696551146
158, 0, 735, 60, 191, 110.273901415
159, 0, 716, 60, 190, 109.696551146
160, 0, 697, 60, 188, 108.541850608
161, 0, 678, 60, 185, 106.8097998
162, 0, 659, 60, 181, 104.500398723
163, 0, 640, 60, 176, 101.613647377
164, 0, 621, 60, 178, 102.768347916
165, 0, 602, 60, 180, 103.923048454
166, 0, 583, 60, 180, 103.923048454
167, 0, 564, 60, 180, 103.923048454
168, 0, 545, 60, 178, 102.768347916
169, 0, 526, 64, 183, 105.655099262
170, 0, 510, 75, 187, 107.964500338
171, 0, 496, 89, 190, 109.696551146
172, 0, 486, 105, 192, 110.851251684
173, 0, 479, 123, 192, 110.851251684
174, 0, 472, 141, 191, 110.273901415
175, 0, 469, 159, 189, 109.119200877
176, 0, 469, 178, 185, 106.8097998
177, 0, 458, 189, 182, 105.077748993
178, 0, 446, 202, 178, 102.768347916
179, 0, 447, 220, 172, 99.3042463006
180, 0, 460, 231, 169, 97.572195493
181, 0, 475, 241, 167, 96.4174949547
182, 0, 484, 257, 171, 98.7268960314
183, 0, 495, 272, 174, 100.458946839
184, 0, 509, 285, 176, 101.613647377
185, 0, 518, 301, 180, 103.923048454
186, 0, 529, 316, 185, 106.8097998
187, 0, 545, 325, 188, 108.541850608
188, 0, 563, 332, 191, 110.273901415
189, 0, 581, 339, 192, 110.851251684
190, 0, 599, 346, 192, 110.851251684
191, 0, 617, 353, 191, 110.273901415
192, 0, 635, 360, 189, 109.119200877
193, 0, 653, 367, 185, 106.8097998
194, 0, 664, 380, 181, 104.500398723
195, 0, 678, 387, 176, 101.613647377
196, 0, 689, 397, 172, 99.3042463006
197, 0, 703, 404, 166, 95.8401446855
198, 0, 722, 404, 159, 91.7986928012
199, 0, 738, 411, 152, 87.7572409168
200, 0, 747, 427, 146, 84.2931393017
201, 0, 749, 445, 141, 81.4063879557
202, 0, 744, 463, 138, 79.6743371482
203, 0, 737, 481, 135, 77.9422863406
204, 0, 730, 499, 132, 76.210235533
205, 0, 727, 517, 127, 73.3234841871
206, 0, 731, 535, 119, 68.7046820336
207, 0, 742, 550, 112, 64.6632301492
208, 0, 759, 555, 106, 61.1991285341
209, 0, 777, 559, 100, 57.735026919
210, 0, 795, 561, 102, 58.8897274573
211, 0, 810, 552, 108, 62.3538290725
212, 0, 823, 538, 116, 66.972631226
213, 0, 836, 524, 124, 71.5914333795
214, 0, 845, 507, 132, 76.210235533
215, 0, 856, 507, 135, 77.9422863406
216, 0, 870, 520, 134, 77.3649360714
217, 0, 879, 536, 130, 75.0555349947
218, 0, 892, 547, 128, 73.9008344563
219, 0, 910, 554, 128, 73.9008344563
220, 0, 928, 556, 129, 74.4781847255
221, 0, 943, 547, 134, 77.3649360714
222, 0, 952, 530, 142, 81.9837382249
223, 0, 954, 511, 151, 87.1798906476
224, 0, 954, 492, 159, 91.7986928012
225, 0, 949, 473, 165, 95.2627944163
226, 0, 941, 455, 171, 98.7268960314
227, 0, 929, 440, 174, 100.458946839
228, 0, 915, 427, 175, 101.036297108
229, 0, 905, 411, 177, 102.190997647
230, 0, 893, 396, 177, 102.190997647
231, 0, 879, 383, 174, 100.458946839
232, 0, 869, 367, 172, 99.3042463006
233, 0, 862, 349, 171, 98.7268960314
234, 0, 850, 334, 166, 95.8401446855
235, 0, 840, 318, 161, 92.9533933395
236, 0, 828, 303, 155, 89.4892917244
237, 0, 811, 293, 147, 84.8704895709
238, 0, 803, 278, 141, 81.4063879557
239, 0, 803, 259, 145, 83.7157890325
240, 0, 798, 240, 153, 88.334591186
241, 0, 784, 228, 160, 92.3760430703
242, 0, 765, 225, 163, 94.1080938779
243, 0, 746, 225, 164, 94.6854441471
244, 0, 727, 220, 166, 95.8401446855
245, 0, 709, 213, 168, 96.9948452239
246, 0, 690, 210, 167, 96.4174949547
247, 0, 671, 210, 172, 99.3042463006
248, 0, 655, 202, 178, 102.768347916
249, 0, 649, 185, 182, 105.077748993
250, 0, 653, 166, 183, 105.655099262
251, 0, 663, 150, 181, 104.500398723
252, 0, 676, 136, 183, 105.655099262
253, 0, 692, 125, 188, 108.541850608
254, 0, 710, 117, 191, 110.273901415
255, 0, 728, 109, 192, 110.851251684
256, 0, 746, 105, 192, 110.851251684
257, 0, 765, 105, 191, 110.273901415
258, 0, 784, 105, 188, 108.541850608
259, 0, 799, 96, 185, 106.8097998
260, 0, 815, 85, 181, 104.500398723
261, 0, 833, 86, 176, 101.613647377
262, 0, 851, 93, 170, 98.1495457622
263, 0, 869, 91, 163, 94.1080938779
264, 0, 884, 95, 157, 90.6439922628
265, 0, 893, 111, 153, 88.334591186
266, 0, 900, 129, 149, 86.0251901093
267, 0, 902, 147, 146, 84.2931393017
268, 0, 906, 165, 142, 81.9837382249
269, 0, 920, 172, 143, 82.5610884941
270, 0, 936, 179, 148, 85.4478398401
271, 0, 945, 195, 155, 89.4892917244
272, 0, 947, 213, 162, 93.5307436087
273, 0, 947, 232, 169, 97.572195493
274, 0, 947, 251, 175, 101.036297108
275, 0, 947, 270, 181, 104.500398723
276, 0, 947, 289, 185, 106.8097998
277, 0, 947, 308, 188, 108.541850608
278, 0, 947, 327, 190, 109.696551146
279, 0, 947, 346, 191, 110.273901415
280, 0, 947, 365, 190, 109.696551146
281, 0, 947, 384, 189, 109.119200877
282, 0, 947, 403, 185, 106.8097998
283, 0, 947, 422, 181, 104.500398723
284, 0, 947, 441, 176, 101.613647377
285, 0, 947, 460, 170, 98.1495457622
286, 0, 947, 479, 163, 94.1080938779
287, 0, 947, 498, 156, 90.0666419936
288, 0, 947, 517, 148, 85.4478398401
289, 0, 936, 528, 142, 81.9837382249
290, 0, 917, 530, 139, 80.2516874174
291, 0, 898, 530, 136, 78.5196366098
292, 0, 879, 530, 132, 76.210235533
293, 0, 860, 534, 127, 73.3234841871
294, 0, 842, 541, 120, 69.2820323028
295, 0, 824, 539, 116, 66.972631226
296, 0, 806, 532, 113, 65.2405804184
297, 0, 790, 521, 112, 64.6632301492
298, 0, 779, 504, 115, 66.3952809568
299, 0, 771, 486, 123, 71.0140831103
300, 0, 763, 468, 130, 75.0555349947
301, 0, 755, 450, 137, 79.096986879
302, 0, 747, 432, 145, 83.7157890325
303, 0, 733, 420, 152, 87.7572409168
304, 0, 714, 417, 160, 92.3760430703
305, 0, 695, 421, 165, 95.2627944163
306, 0, 679, 432, 167, 96.4174949547
307, 0, 665, 446, 166, 95.8401446855
308, 0, 651, 460, 165, 95.2627944163
309, 0, 641, 476, 161, 92.9533933395
310, 0, 627, 487, 158, 91.221342532
311, 0, 619, 501, 153, 88.334591186
312, 0, 607, 508, 151, 87.1798906476
313, 0, 588, 508, 151, 87.1798906476
314, 0, 576, 518, 147, 84.8704895709
315, 0, 564, 533, 140, 80.8290376865
316, 0, 547, 534, 147, 84.8704895709
317, 0, 529, 535, 154, 88.9119414552
318, 0, 510, 542, 159, 91.7986928012
319, 0, 491, 544, 165, 95.2627944163
320, 0, 472, 544, 170, 98.1495457622
321, 0, 453, 544, 174, 100.458946839
322, 0, 434, 544, 178, 102.768347916
323, 0, 415, 544, 180, 103.923048454
324, 0, 396, 544, 181, 104.500398723
325, 0, 377, 544, 181, 104.500398723
326, 0, 358, 544, 180, 103.923048454
327, 0, 342, 536, 180, 103.923048454
328, 0, 325, 530, 179, 103.345698185
329, 0, 306, 530, 174, 100.458946839
330, 0, 287, 530, 169, 97.572195493
331, 0, 279, 518, 169, 97.572195493
332, 0, 267, 510, 166, 95.8401446855
333, 0, 248, 514, 160, 92.3760430703
334, 0, 230, 521, 167, 96.4174949547
335, 0, 212, 528, 174, 100.458946839
336, 0, 193, 530, 179, 103.345698185
337, 0, 174, 530, 183, 105.655099262
338, 0, 155, 530, 185, 106.8097998
339, 0, 136, 530, 187, 107.964500338
340, 0, 117, 530, 187, 107.964500338
341, 0, 98, 530, 186, 107.387150069
342, 0, 86, 519, 182, 105.077748993
343, 0, 83, 500, 177, 102.190997647
344, 0, 83, 481, 171, 98.7268960314
345, 0, 83, 462, 165, 95.2627944163
346, 0, 90, 446, 159, 91.7986928012
347, 0, 91, 429, 152, 87.7572409168
348, 0, 83, 411, 148, 85.4478398401
349, 0, 71, 396, 154, 88.9119414552
350, 0, 60, 380, 160, 92.3760430703
351, 0, 56, 361, 167, 96.4174949547
352, 0, 56, 342, 174, 100.458946839
353, 0, 56, 323, 179, 103.345698185
354, 0, 67, 315, 182, 105.077748993
355, 0, 86, 315, 183, 105.655099262
356, 0, 105, 315, 182, 105.077748993
357, 0, 123, 319, 179, 103.345698185
358, 0, 141, 321, 175, 101.036297108
359, 0, 159, 325, 170, 98.1495457622
360, 0, 174, 319, 168, 96.9948452239
361, 0, 190, 313, 165, 95.2627944163
362, 0, 209, 313, 158, 91.221342532
363, 0, 220, 302, 157, 90.6439922628
364, 0, 234, 294, 152, 87.7572409168
365, 0, 253, 294, 145, 83.7157890325
366, 0, 269, 301, 143, 82.5610884941
367, 0, 286, 306, 151, 87.1798906476
368, 0, 304, 310, 158, 91.221342532
369, 0, 322, 317, 166, 95.8401446855
370, 0, 337, 327, 172, 99.3042463006
371, 0, 351, 340, 178, 102.768347916
372, 0, 365, 353, 182, 105.077748993
373, 0, 379, 366, 186, 107.387150069
374, 0, 395, 375, 188, 108.541850608
375, 0, 413, 382, 190, 109.696551146
376, 0, 431, 389, 191, 110.273901415
377, 0, 446, 383, 192, 110.851251684
378, 0, 455, 366, 192, 110.851251684
379, 0, 468, 363, 191, 110.273901415
380, 0, 475, 354, 191, 110.273901415
381, 0, 475, 335, 189, 109.119200877
382, 0, 479, 316, 186, 107.387150069
383, 0, 477, 298, 183, 105.655099262
384, 0, 470, 280, 180, 103.923048454
385, 0, 458, 265, 176, 101.613647377
386, 0, 444, 252, 172, 99.3042463006
387, 0, 430, 239, 168, 96.9948452239
388, 0, 413, 229, 165, 95.2627944163
389, 0, 395, 222, 164, 94.6854441471
390, 0, 377, 215, 162, 93.5307436087
391, 0, 359, 208, 159, 91.7986928012
392, 0, 347, 194, 158, 91.221342532
393, 0, 333, 182, 155, 89.4892917244
394, 0, 315, 175, 154, 88.9119414552
395, 0, 307, 160, 158, 91.221342532
396, 0, 295, 152, 158, 91.221342532
397, 0, 276, 152, 154, 88.9119414552
398, 0, 257, 152, 149, 86.0251901093
399, 0, 238, 147, 144, 83.1384387633
400, 0, 220, 148, 151, 87.1798906476
401, 0, 202, 155, 159, 91.7986928012
402, 0, 183, 157, 165, 95.2627944163
403, 0, 164, 157, 170, 98.1495457622
404, 0, 145, 157, 175, 101.036297108
405, 0, 126, 157, 178, 102.768347916
406, 0, 107, 157, 180, 103.923048454
407, 0, 88, 157, 181, 104.500398723
408, 0, 75, 146, 181, 104.500398723
409, 0, 71, 127, 185, 106.8097998
410, 0, 71, 108, 189, 109.119200877
411, 0, 78, 92, 190, 109.696551146
412, 0, 94, 81, 188, 108.541850608
413, 0, 112, 73, 185, 106.8097998
414, 0, 130, 69, 180, 103.923048454
415, 0, 149, 69, 174, 100.458946839
416, 0, 168, 69, 168, 96.9948452239
417, 0, 164, 64, 169, 97.572195493
418, 0, 145, 61, 176, 101.613647377
419, 0, 126, 65, 181, 104.500398723
420, 0, 108, 72, 186, 107.387150069
421, 0, 92, 83, 188, 108.541850608
422, 0, 86, 100, 188, 108.541850608
423, 0, 90, 118, 185, 106.8097998
424, 0, 101, 133, 180, 103.923048454
425, 0, 115, 146, 176, 101.613647377
426, 0, 129, 159, 178, 102.768347916
427, 0, 134, 175, 181, 104.500398723
428, 0, 134, 194, 184, 106.232449531
429, 0, 129, 212, 187, 107.964500338
430, 0, 117, 227, 190, 109.696551146
431, 0, 100, 236, 192, 110.851251684
432, 0, 88, 249, 192, 110.851251684
433, 0, 81, 267, 191, 110.273901415
434, 0, 74, 285, 189, 109.119200877
435, 0, 71, 303, 185, 106.8097998
436, 0, 71, 322, 181, 104.500398723
437, 0, 71, 341, 175, 101.036297108
438, 0, 81, 352, 171, 98.7268960314
439, 0, 99, 354, 170, 98.1495457622
440, 0, 110, 364, 166, 95.8401446855
441, 0, 123, 375, 160, 92.3760430703
442, 0, 138, 385, 155, 89.4892917244
443, 0, 154, 394, 148, 85.4478398401
444, 0, 172, 396, 144, 83.1384387633
445, 0, 191, 396, 140, 80.8290376865
446, 0, 209, 400, 141, 81.4063879557
447, 0, 224, 410, 148, 85.4478398401
448, 0, 238, 423, 155, 89.4892917244
449, 0, 252, 436, 162, 93.5307436087
450, 0, 266, 449, 168, 96.9948452239
451, 0, 280, 462, 173, 99.8815965698
452, 0, 294, 475, 178, 102.768347916
453, 0, 308, 488, 181, 104.500398723
454, 0, 322, 501, 183, 105.655099262
455, 0, 338, 510, 185, 106.8097998
456, 0, 356, 517, 186, 107.387150069
457, 0, 374, 524, 186, 107.387150069
458, 0, 392, 531, 185, 106.8097998
459, 0, 410, 533, 183, 105.655099262
460, 0, 429, 533, 181, 104.500398723
461, 0, 447, 528, 179, 103.345698185
462, 0, 465, 520, 177, 102.190997647
463, 0, 483, 511, 173, 99.8815965698
464, 0, 501, 507, 168, 96.9948452239
465, 0, 519, 502, 162, 93.5307436087
466, 0, 537, 494, 156, 90.0666419936
467, 0, 544, 479, 160, 92.3760430703
468, 0, 551, 463, 167, 96.4174949547
469, 0, 564, 449, 173, 99.8815965698
470, 0, 573, 432, 179, 103.345698185
471, 0, 580, 414, 184, 106.232449531
472, 0, 587, 396, 188, 108.541850608
473, 0, 594, 378, 190, 109.696551146
474, 0, 604, 362, 192, 110.851251684
475, 0, 617, 348, 191, 110.273901415
476, 0, 633, 337, 189, 109.119200877
477, 0, 651, 329, 186, 107.387150069
478, 0, 669, 321, 181, 104.500398723
479, 0, 684, 309, 176, 101.613647377
480, 0, 685, 292, 173, 99.8815965698
481, 0, 690, 276, 169, 97.572195493
482, 0, 706, 265, 161, 92.9533933395
483, 0, 724, 257, 153, 88.334591186
484, 0, 731, 242, 158, 91.221342532
485, 0, 742, 234, 161, 92.9533933395
486, 0, 760, 238, 158, 91.221342532
487, 0, 775, 232, 159, 91.7986928012
488, 0, 788, 234, 157, 90.6439922628
489, 0, 797, 250, 149, 86.0251901093
490, 0, 799, 268, 142, 81.9837382249
491, 0, 809, 279, 144, 83.1384387633
492, 0, 820, 292, 150, 86.6025403784
493, 0, 822, 310, 153, 88.334591186
494, 0, 822, 329, 155, 89.4892917244
495, 0, 826, 347, 157, 90.6439922628
496, 0, 833, 365, 159, 91.7986928012
497, 0, 840, 383, 161, 92.9533933395
498, 0, 854, 390, 165, 95.2627944163
499, 0, 872, 385, 172, 99.3042463006
500, 0, 887, 373, 178, 102.768347916
501, 0, 900, 359, 182, 105.077748993
502, 0, 909, 342, 184, 106.232449531
503, 0, 916, 324, 185, 106.8097998
504, 0, 923, 306, 185, 106.8097998
505, 0, 925, 287, 182, 105.077748993
506, 0, 925, 268, 177, 102.190997647
507, 0, 925, 248, 172, 99.3042463006
508, 0, 925, 229, 166, 95.8401446855
509, 0, 920, 210, 158, 91.221342532
510, 0, 912, 192, 150, 86.6025403784
511, 0, 904, 174, 141, 81.4063879557
512, 0, 892, 159, 148, 85.4478398401
513, 0, 878, 146, 156, 90.0666419936
514, 0, 861, 136, 164, 94.6854441471
515, 0, 843, 129, 171, 98.7268960314
516, 0, 825, 122, 177, 102.190997647
517, 0, 807, 115, 182, 105.077748993
518, 0, 789, 108, 187, 107.964500338
519, 0, 770, 105, 190, 109.696551146
520, 0, 754, 97, 192, 110.851251684
521, 0, 737, 87, 192, 110.851251684
522, 0, 719, 80, 192, 110.851251684
523, 0, 701, 73, 190, 109.696551146
524, 0, 682, 70, 187, 107.964500338
525, 0, 663, 70, 183, 105.655099262
526, 0, 644, 70, 178, 102.768347916
527, 0, 625, 70, 180, 103.923048454
528, 0, 606, 70, 182, 105.077748993
529, 0, 587, 70, 183, 105.655099262
530, 0, 568, 70, 183, 105.655099262
531, 0, 549, 70, 181, 104.500398723
532, 0, 530, 70, 183, 105.655099262
533, 0, 511, 70, 187, 107.964500338
534, 0, 492, 70, 189, 109.119200877
535, 0, 473, 70, 189, 109.119200877
536, 0, 454, 70, 189, 109.119200877
537, 0, 435, 70, 187, 107.964500338
538, 0, 416, 70, 186, 107.387150069
539, 0, 397, 70, 188, 108.541850608
540, 0, 378, 70, 189, 109.119200877
541, 0, 359, 70, 189, 109.119200877
542, 0, 347, 80, 186, 107.387150069
543, 0, 333, 83, 184, 106.232449531
544, 0, 315, 76, 183, 105.655099262
545, 0, 297, 69, 180, 103.923048454
546, 0, 278, 66, 175, 101.036297108
547, 0, 259, 66, 169, 97.572195493
548, 0, 247, 76, 163, 94.1080938779
549, 0, 233, 79, 158, 91.221342532
550, 0, 215, 72, 151, 87.1798906476
551, 0, 197, 65, 156, 90.0666419936
552, 0, 179, 58, 163, 94.1080938779
553, 0, 160, 55, 170, 98.1495457622
554, 0, 141, 55, 177, 102.190997647
555, 0, 122, 55, 182, 105.077748993
556, 0, 103, 55, 186, 107.387150069
557, 0, 87, 63, 189, 109.119200877
558, 0, 77, 79, 191, 110.273901415
559, 0, 70, 97, 190, 109.696551146
560, 0, 71, 115, 188, 108.541850608
561, 0, 82, 130, 184, 106.232449531
562, 0, 96, 143, 179, 103.345698185
563, 0, 101, 159, 181, 104.500398723
564, 0, 109, 174, 184, 106.232449531
565, 0, 125, 183, 184, 106.232449531
566, 0, 143, 190, 182, 105.077748993
567, 0, 161, 197, 179, 103.345698185
568, 0, 179, 204, 175, 101.036297108
569, 0, 194, 214, 171, 98.7268960314
570, 0, 203, 230, 168, 96.9948452239
571, 0, 214, 245, 164, 94.6854441471
572, 0, 231, 250, 157, 90.6439922628
573, 0, 249, 254, 150, 86.6025403784
574, 0, 267, 256, 142, 81.9837382249
575, 0, 285, 251, 139, 80.2516874174
576, 0, 300, 255, 145, 83.7157890325
577, 0, 309, 271, 153, 88.334591186
578, 0, 316, 289, 159, 91.7986928012
579, 0, 327, 304, 166, 95.8401446855
580, 0, 341, 317, 172, 99.3042463006
581, 0, 355, 330, 178, 102.768347916
582, 0, 371, 339, 183, 105.655099262
583, 0, 389, 346, 187, 107.964500338
584, 0, 404, 340, 189, 109.119200877
585, 0, 417, 326, 189, 109.119200877
586, 0, 430, 312, 188, 108.541850608
587, 0, 443, 298, 185, 106.8097998
588, 0, 456, 284, 182, 105.077748993
589, 0, 469, 270, 177, 102.190997647
590, 0, 482, 255, 171, 98.7268960314
591, 0, 498, 244, 165, 95.2627944163
592, 0, 516, 236, 171, 98.7268960314
593, 0, 534, 228, 177, 102.190997647
594, 0, 552, 220, 181, 104.500398723
595, 0, 570, 216, 183, 105.655099262
596, 0, 586, 223, 182, 105.077748993
597, 0, 595, 239, 177, 102.190997647
598, 0, 602, 257, 179, 103.345698185
599, 0, 604, 275, 184, 106.232449531
600, 0, 604, 294, 188, 108.541850608
601, 0, 599, 312, 191, 110.273901415
602, 0, 592, 330, 192, 110.851251684
603, 0, 585, 348, 192, 110.851251684
604, 0, 578, 366, 191, 110.273901415
605, 0, 571, 384, 189, 109.119200877
606, 0, 576, 399, 187, 107.964500338
607, 0, 573, 412, 184, 106.232449531
608, 0, 575, 425, 181, 104.500398723
609, 0, 589, 438, 178, 102.768347916
610, 0, 598, 454, 172, 99.3042463006
611, 0, 609, 469, 166, 95.8401446855
612, 0, 626, 474, 163, 94.1080938779
613, 0, 645, 474, 161, 92.9533933395
614, 0, 661, 481, 155, 89.4892917244
615, 0, 674, 477, 154, 88.9119414552
616, 0, 690, 475, 151, 87.1798906476
617, 0, 705, 485, 144, 83.1384387633
618, 0, 714, 501, 136, 78.5196366098
619, 0, 728, 508, 129, 74.4781847255
620, 0, 746, 503, 126, 72.7461339179
621, 0, 761, 507, 120, 69.2820323028
622, 0, 770, 523, 113, 65.2405804184
623, 0, 772, 541, 107, 61.7764788033
624, 0, 763, 557, 104, 60.0444279957
625, 0, 768, 566, 100, 57.735026919
626, 0, 763, 568, 101, 58.3123771882
627, 0, 744, 568, 105, 60.6217782649
628, 0, 725, 568, 109, 62.9311793417
629, 0, 706, 568, 113, 65.2405804184
630, 0, 687, 568, 117, 67.5499814952
631, 0, 668, 568, 120, 69.2820323028
632, 0, 649, 568, 122, 70.4367328411
633, 0, 630, 568, 124, 71.5914333795
634, 0, 611, 568, 125, 72.1687836487
635, 0, 592, 568, 125, 72.1687836487
636, 0, 573, 568, 130, 75.0555349947
637, 0, 554, 568, 137, 79.096986879
638, 0, 535, 568, 144, 83.1384387633
639, 0, 516, 563, 152, 87.7572409168
640, 0, 497, 560, 159, 91.7986928012
641, 0, 478, 560, 164, 94.6854441471
642, 0, 459, 560, 169, 97.572195493
643, 0, 440, 560, 172, 99.3042463006
644, 0, 421, 560, 175, 101.036297108
645, 0, 402, 560, 177, 102.190997647
646, 0, 383, 560, 177, 102.190997647
647, 0, 364, 560, 176, 101.613647377
648, 0, 345, 560, 174, 100.458946839
649, 0, 326, 560, 171, 98.7268960314
650, 0, 310, 552, 170, 98.1495457622
651, 0, 293, 546, 167, 96.4174949547
652, 0, 274, 546, 161, 92.9533933395
653, 0, 254, 546, 163, 94.1080938779
654, 0, 235, 546, 169, 97.572195493
655, 0, 216, 546, 175, 101.036297108
656, 0, 197, 546, 181, 104.500398723
657, 0, 178, 546, 185, 106.8097998
658, 0, 159, 546, 187, 107.964500338
659, 0, 140, 546, 189, 109.119200877
660, 0, 121, 546, 190, 109.696551146
661, 0, 102, 546, 189, 109.119200877
662, 0, 86, 538, 186, 107.387150069
663, 0, 76, 522, 181, 104.500398723
664, 0, 68, 503, 175, 101.036297108
665, 0, 64, 484, 169, 97.572195493
666, 0, 64, 465, 163, 94.1080938779
667, 0, 64, 446, 156, 90.0666419936
668, 0, 64, 427, 148, 85.4478398401
669, 0, 59, 408, 149, 86.0251901093
670, 0, 56, 389, 156, 90.0666419936
671, 0, 56, 370, 164, 94.6854441471
672, 0, 66, 357, 169, 97.572195493
673, 0, 84, 353, 171, 98.7268960314
674, 0, 102, 357, 169, 97.572195493
675, 0, 120, 364, 165, 95.2627944163
676, 0, 138, 366, 162, 93.5307436087
677, 0, 156, 370, 157, 90.6439922628
678, 0, 174, 372, 152, 87.7572409168
679, 0, 192, 376, 146, 84.2931393017
680, 0, 207, 370, 144, 83.1384387633
681, 0, 220, 372, 140, 80.8290376865
682, 0, 233, 368, 144, 83.1384387633
683, 0, 242, 373, 148, 85.4478398401
684, 0, 253, 388, 156, 90.0666419936
685, 0, 269, 397, 163, 94.1080938779
686, 0, 287, 404, 170, 98.1495457622
687, 0, 305, 411, 176, 101.613647377
688, 0, 323, 418, 182, 105.077748993
689, 0, 341, 420, 185, 106.8097998
690, 0, 360, 420, 188, 108.541850608
691, 0, 379, 420, 189, 109.119200877
692, 0, 386, 408, 187, 107.964500338
693, 0, 386, 389, 186, 107.387150069
694, 0, 381, 370, 186, 107.387150069
695, 0, 374, 352, 184, 106.232449531
696, 0, 367, 334, 181, 104.500398723
697, 0, 364, 315, 178, 102.768347916
698, 0, 355, 299, 173, 99.8815965698
699, 0, 349, 282, 168, 96.9948452239
700, 0, 353, 263, 164, 94.6854441471
701, 0, 355, 244, 159, 91.7986928012
702, 0, 359, 225, 154, 88.9119414552
703, 0, 366, 207, 161, 92.9533933395
704, 0, 373, 189, 167, 96.4174949547
705, 0, 383, 173, 174, 100.458946839
706, 0, 396, 159, 179, 103.345698185
707, 0, 409, 145, 184, 106.232449531
708, 0, 422, 131, 188, 108.541850608
709, 0, 435, 117, 190, 109.696551146
710, 0, 451, 106, 192, 110.851251684
711, 0, 469, 98, 192, 110.851251684
712, 0, 487, 90, 191, 110.273901415
713, 0, 505, 82, 189, 109.119200877
714, 0, 523, 74, 185, 106.8097998
715, 0, 541, 75, 182, 105.077748993
716, 0, 559, 77, 184, 106.232449531
717, 0, 578, 77, 185, 106.8097998
718, 0, 597, 77, 184, 106.232449531
719, 0, 615, 81, 184, 106.232449531
720, 0, 633, 88, 183, 105.655099262
721, 0, 651, 86, 181, 104.500398723
722, 0, 666, 90, 184, 106.232449531
723, 0, 680, 103, 187, 107.964500338
724, 0, 689, 119, 188, 108.541850608
725, 0, 700, 134, 188, 108.541850608
726, 0, 709, 150, 186, 107.387150069
727, 0, 716, 168, 182, 105.077748993
728, 0, 730, 175, 181, 104.500398723
729, 0, 741, 185, 178, 102.768347916
730, 0, 743, 203, 172, 99.3042463006
731, 0, 747, 221, 166, 95.8401446855
732, 0, 749, 239, 159, 91.7986928012
733, 0, 749, 258, 151, 87.1798906476
734, 0, 749, 277, 148, 85.4478398401
735, 0, 749, 296, 151, 87.1798906476
736, 0, 749, 315, 152, 87.7572409168
737, 0, 753, 333, 152, 87.7572409168
738, 0, 760, 351, 149, 86.0251901093
739, 0, 771, 366, 143, 82.5610884941
740, 0, 785, 379, 138, 79.6743371482
741, 0, 799, 392, 143, 82.5610884941
742, 0, 813, 405, 147, 84.8704895709
743, 0, 827, 418, 151, 87.1798906476
744, 0, 836, 434, 151, 87.1798906476
745, 0, 847, 449, 151, 87.1798906476
746, 0, 861, 462, 152, 87.7572409168
747, 0, 877, 471, 153, 88.334591186
748, 0, 895, 478, 155, 89.4892917244
749, 0, 913, 480, 158, 91.221342532
750, 0, 929, 487, 158, 91.221342532
751, 0, 938, 503, 153, 88.334591186
752, 0, 940, 521, 145, 83.7157890325
753, 0, 929, 532, 140, 80.8290376865
754, 0, 911, 539, 134, 77.3649360714
755, 0, 892, 541, 131, 75.6328852638
756, 0, 873, 545, 125, 72.1687836487
757, 0, 855, 552, 119, 68.7046820336
758, 0, 837, 550, 116, 66.972631226
759, 0, 819, 551, 111, 64.08587988
760, 0, 801, 558, 104, 60.0444279957
761, 0, 782, 560, 99, 57.1576766498
762, 0, 769, 549, 105, 60.6217782649
763, 0, 761, 531, 113, 65.2405804184
764, 0, 749, 516, 121, 69.8593825719
765, 0, 735, 503, 129, 74.4781847255
766, 0, 721, 490, 137, 79.096986879
767, 0, 707, 477, 146, 84.2931393017
768, 0, 690, 467, 154, 88.9119414552
769, 0, 674, 456, 161, 92.9533933395
770, 0, 664, 440, 168, 96.9948452239
771, 0, 657, 422, 175, 101.036297108
772, 0, 650, 404, 180, 103.923048454
773, 0, 643, 386, 185, 106.8097998
774, 0, 635, 368, 188, 108.541850608
775, 0, 627, 350, 190, 109.696551146
776, 0, 620, 332, 191, 110.273901415
777, 0, 613, 314, 190, 109.696551146
778, 0, 606, 296, 188, 108.541850608
779, 0, 594, 281, 186, 107.387150069
780, 0, 580, 268, 182, 105.077748993
781, 0, 563, 262, 180, 103.923048454
782, 0, 547, 270, 180, 103.923048454
783, 0, 533, 284, 181, 104.500398723
784, 0, 523, 300, 181, 104.500398723
785, 0, 509, 303, 179, 103.345698185
786, 0, 497, 311, 183, 105.655099262
787, 0, 494, 329, 186, 107.387150069
788, 0, 494, 348, 187, 107.964500338
789, 0, 494, 367, 188, 108.541850608
790, 0, 494, 386, 187, 107.964500338
791, 0, 494, 405, 185, 106.8097998
792, 0, 498, 423, 181, 104.500398723
793, 0, 505, 441, 175, 101.036297108
794, 0, 497, 452, 174, 100.458946839
795, 0, 481, 463, 178, 102.768347916
796, 0, 479, 479, 178, 102.768347916
797, 0, 486, 497, 174, 100.458946839
798, 0, 493, 515, 170, 98.1495457622
799, 0, 485, 526, 170, 98.1495457622
800, 0, 467, 533, 174, 100.458946839
801, 0, 448, 535, 178, 102.768347916
802, 0, 429, 535, 181, 104.500398723
803, 0, 410, 535, 183, 105.655099262
804, 0, 391, 535, 184, 106.232449531
805, 0, 372, 535, 183, 105.655099262
806, 0, 353, 535, 182, 105.077748993
807, 0, 334, 535, 179, 103.345698185
808, 0, 315, 535, 175, 101.036297108
809, 0, 296, 530, 172, 99.3042463006
810, 0, 277, 527, 166, 95.8401446855
811, 0, 258, 522, 161, 92.9533933395
812, 0, 240, 523, 164, 94.6854441471
813, 0, 222, 530, 171, 98.7268960314
814, 0, 203, 532, 177, 102.190997647
815, 0, 184, 532, 181, 104.500398723
816, 0, 165, 532, 184, 106.232449531
817, 0, 146, 532, 186, 107.387150069
818, 0, 127, 532, 187, 107.964500338
819, 0, 108, 532, 187, 107.964500338
820, 0, 92, 524, 184, 106.232449531
821, 0, 82, 507, 179, 103.345698185
822, 0, 83, 489, 174, 100.458946839
823, 0, 85, 470, 168, 96.9948452239
824, 0, 85, 451, 161, 92.9533933395
825, 0, 80, 432, 153, 88.334591186
826, 0, 73, 414, 147, 84.8704895709
827, 0, 70, 395, 155, 89.4892917244
828, 0, 65, 376, 162, 93.5307436087
829, 0, 62, 357, 169, 97.572195493
830, 0, 62, 338, 175, 101.036297108
831, 0, 62, 319, 181, 104.500398723
832, 0, 62, 300, 185, 106.8097998
833, 0, 62, 281, 189, 109.119200877
834, 0, 62, 262, 191, 110.273901415
835, 0, 62, 243, 192, 110.851251684
836, 0, 62, 224, 191, 110.273901415
837, 0, 62, 205, 190, 109.696551146
838, 0, 62, 186, 187, 107.964500338
839, 0, 62, 167, 183, 105.655099262
840, 0, 62, 148, 181, 104.500398723
841, 0, 62, 129, 186, 107.387150069
842, 0, 62, 110, 189, 109.119200877
843, 0, 69, 94, 190, 109.696551146
844, 0, 85, 83, 189, 109.119200877
845, 0, 103, 75, 187, 107.964500338
846, 0, 121, 71, 183, 105.655099262
847, 0, 140, 71, 177, 102.190997647
848, 0, 151, 81, 173, 99.8815965698
849, 0, 165, 88, 168, 96.9948452239
850, 0, 184, 88, 161, 92.9533933395
851, 0, 199, 79, 155, 89.4892917244
852, 0, 215, 77, 151, 87.1798906476
853, 0, 233, 79, 158, 91.221342532
854, 0, 251, 74, 165, 95.2627944163
855, 0, 269, 66, 172, 99.3042463006
856, 0, 276, 74, 173, 99.8815965698
857, 0, 286, 76, 176, 101.613647377
858, 0, 293, 84, 176, 101.613647377
859, 0, 303, 86, 178, 102.768347916
860, 0, 310, 94, 178, 102.768347916
861, 0, 305, 112, 173, 99.8815965698
862, 0, 298, 130, 166, 95.8401446855
863, 0, 291, 148, 159, 91.7986928012
864, 0, 292, 166, 153, 88.334591186
865, 0, 286, 181, 146, 84.2931393017
866, 0, 269, 186, 140, 80.8290376865
867, 0, 250, 190, 147, 84.8704895709
868, 0, 238, 203, 153, 88.334591186
869, 0, 231, 221, 157, 90.6439922628
870, 0, 228, 239, 159, 91.7986928012
871, 0, 228, 258, 158, 91.221342532
872, 0, 223, 276, 159, 91.7986928012
873, 0, 220, 294, 158, 91.221342532
874, 0, 215, 312, 157, 90.6439922628
875, 0, 212, 330, 154, 88.9119414552
876, 0, 212, 349, 149, 86.0251901093
877, 0, 200, 356, 150, 86.6025403784
878, 0, 192, 367, 149, 86.0251901093
879, 0, 196, 385, 142, 81.9837382249
880, 0, 190, 400, 138, 79.6743371482
881, 0, 173, 405, 141, 81.4063879557
882, 0, 165, 416, 146, 84.2931393017
883, 0, 169, 434, 153, 88.334591186
884, 0, 180, 449, 158, 91.221342532
885, 0, 196, 458, 158, 91.221342532
886, 0, 214, 460, 155, 89.4892917244
887, 0, 232, 455, 155, 89.4892917244
888, 0, 250, 447, 162, 93.5307436087
889, 0, 268, 439, 168, 96.9948452239
890, 0, 283, 427, 172, 99.3042463006
891, 0, 299, 416, 176, 101.613647377
892, 0, 314, 404, 177, 102.190997647
893, 0, 323, 387, 176, 101.613647377
894, 0, 330, 369, 172, 99.3042463006
895, 0, 337, 351, 174, 100.458946839
896, 0, 344, 333, 175, 101.036297108
897, 0, 351, 315, 175, 101.036297108
898, 0, 361, 299, 175, 101.036297108
899, 0, 370, 282, 173, 99.8815965698
900, 0, 377, 264, 170, 98.1495457622
901, 0, 387, 248, 166, 95.8401446855
902, 0, 400, 234, 163, 94.1080938779
903, 0, 413, 220, 168, 96.9948452239
904, 0, 422, 203, 175, 101.036297108
905, 0, 429, 185, 181, 104.500398723
906, 0, 436, 167, 185, 106.8097998
907, 0, 443, 149, 189, 109.119200877
908, 0, 445, 130, 191, 110.273901415
909, 0, 445, 111, 191, 110.273901415
910, 0, 452, 95, 191, 110.273901415
911, 0, 468, 84, 191, 110.273901415
912, 0, 486, 76, 190, 109.696551146
913, 0, 504, 77, 188, 108.541850608
914, 0, 522, 79, 186, 107.387150069
915, 0, 538, 86, 183, 105.655099262
916, 0, 554, 86, 185, 106.8097998
917, 0, 572, 78, 185, 106.8097998
918, 0, 590, 70, 183, 105.655099262
919, 0, 608, 66, 181, 104.500398723
920, 0, 619, 76, 182, 105.077748993
921, 0, 632, 78, 181, 104.500398723
922, 0, 643, 85, 180, 103.923048454
923, 0, 656, 87, 182, 105.077748993
924, 0, 674, 79, 186, 107.387150069
925, 0, 692, 71, 189, 109.119200877
926, 0, 710, 67, 190, 109.696551146
927, 0, 729, 67, 191, 110.273901415
928, 0, 748, 67, 191, 110.273901415
929, 0, 766, 71, 190, 109.696551146
930, 0, 784, 73, 187, 107.964500338
931, 0, 803, 73, 184, 106.232449531
932, 0, 822, 73, 179, 103.345698185
933, 0, 841, 73, 173, 99.8815965698
934, 0, 859, 68, 166, 95.8401446855
935, 0, 877, 64, 159, 91.7986928012
936, 0, 896, 64, 151, 87.1798906476
937, 0, 914, 59, 143, 82.5610884941
938, 0, 932, 60, 135, 77.9422863406
939, 0, 928, 58, 137, 79.096986879
940, 0, 910, 59, 145, 83.7157890325
941, 0, 898, 72, 151, 87.1798906476
942, 0, 899, 90, 151, 87.1798906476
943, 0, 906, 108, 148, 85.4478398401
944, 0, 919, 119, 142, 81.9837382249
945, 0, 934, 129, 134, 77.3649360714
946, 0, 943, 145, 134, 77.3649360714
947, 0, 950, 163, 142, 81.9837382249
948, 0, 952, 181, 150, 86.6025403784
949, 0, 952, 200, 158, 91.221342532
950, 0, 952, 219, 165, 95.2627944163
951, 0, 952, 238, 172, 99.3042463006
952, 0, 952, 257, 178, 102.768347916
953, 0, 952, 276, 183, 105.655099262
954, 0, 952, 295, 187, 107.964500338
955, 0, 940, 302, 187, 107.964500338
956, 0, 921, 297, 183, 105.655099262
957, 0, 905, 286, 177, 102.190997647
958, 0, 891, 273, 171, 98.7268960314
959, 0, 877, 260, 164, 94.6854441471
960, 0, 860, 250, 156, 90.0666419936
961, 0, 842, 243, 149, 86.0251901093
962, 0, 823, 240, 148, 85.4478398401
963, 0, 804, 235, 154, 88.9119414552
964, 0, 785, 232, 158, 91.221342532
965, 0, 773, 242, 156, 90.0666419936
966, 0, 759, 245, 156, 90.0666419936
967, 0, 751, 253, 153, 88.334591186
968, 0, 751, 272, 146, 84.2931393017
969, 0, 762, 279, 143, 82.5610884941
970, 0, 773, 289, 140, 80.8290376865
971, 0, 775, 307, 141, 81.4063879557
972, 0, 779, 325, 140, 80.8290376865
973, 0, 786, 343, 140, 80.8290376865
974, 0, 793, 361, 143, 82.5610884941
975, 0, 800, 379, 145, 83.7157890325
976, 0, 807, 397, 146, 84.2931393017
977, 0, 814, 415, 146, 84.2931393017
978, 0, 827, 426, 149, 86.0251901093
979, 0, 845, 433, 154, 88.9119414552
980, 0, 863, 440, 158, 91.221342532
981, 0, 881, 442, 163, 94.1080938779
982, 0, 900, 442, 168, 96.9948452239
983, 0, 919, 442, 172, 99.3042463006
984, 0, 930, 452, 171, 98.7268960314
985, 0, 932, 470, 165, 95.2627944163
986, 0, 927, 488, 157, 90.6439922628
987, 0, 928, 506, 150, 86.6025403784
988, 0, 922, 521, 143, 82.5610884941
989, 0, 905, 530, 137, 79.096986879
990, 0, 887, 537, 131, 75.6328852638
991, 0, 869, 544, 125, 72.1687836487
992, 0, 851, 551, 118, 68.1273317644
993, 0, 855, 553, 119, 68.7046820336
994, 0, 874, 553, 122, 70.4367328411
995, 0, 893, 553, 126, 72.7461339179
996, 0, 912, 553, 129, 74.4781847255
997, 0, 931, 553, 131, 75.6328852638
998, 0, 942, 542, 137, 79.096986879
999, 0, 949, 524, 145, 83.7157890325
