0, 0, 0, 0, 183, 105.655099262
1, 0, 0, 0, 183, 105.655099262
2, 0, 0, 0, 183, 105.655099262
3, 0, 0, 0, 183, 105.655099262
4, 0, 0, 0, 183, 105.655099262
5, 0, 0, 0, 183, 105.655099262
6, 0, 0, 0, 183, 105.655099262
7, 0, 0, 0, 183, 105.655099262
8, 0, 0, 0, 183, 105.655099262
9, 0, 0, 0, 183, 105.655099262
10, 0, 0, 0, 183, 105.655099262
11, 0, 0, 0, 183, 105.655099262
12, 0, 8, 7, 185, 106.8097998
13, 0, 24, 16, 186, 107.387150069
14, 0, 42, 23, 188, 108.541850608
15, 0, 60, 30, 189, 109.119200877
16, 0, 71, 43, 190, 109.696551146
17, 0, 85, 50, 190, 109.696551146
18, 0, 104, 50, 190, 109.696551146
19, 0, 120, 57, 190, 109.696551146
20, 0, 137, 62, 190, 109.696551146
21, 0, 156, 62, 189, 109.119200877
22, 0, 167, 72, 188, 108.541850608
23, 0, 181, 79, 188, 108.541850608
24, 0, 197, 86, 186, 107.387150069
25, 0, 202, 102, 186, 107.387150069
26, 0, 212, 113, 185, 106.8097998
27, 0, 230, 115, 183, 105.655099262
28, 0, 249, 115, 181, 104.500398723
29, 0, 260, 125, 179, 103.345698185
30, 0, 262, 143, 179, 103.345698185
31, 0, 272, 154, 177, 102.190997647
32, 0, 290, 156, 174, 100.458946839
33, 0, 308, 151, 171, 98.7268960314
34, 0, 323, 155, 168, 96.9948452239
35, 0, 340, 160, 165, 95.2627944163
36, 0, 355, 151, 162, 93.5307436087
37, 0, 371, 145, 159, 91.7986928012
38, 0, 390, 145, 156, 90.0666419936
39, 0, 409, 145, 152, 87.7572409168
40, 0, 420, 134, 149, 86.0251901093
41, 0, 434, 126, 146, 84.2931393017
42, 0, 453, 126, 142, 81.9837382249
43, 0, 460, 114, 141, 81.4063879557
44, 0, 460, 95, 141, 81.4063879557
45, 0, 455, 76, 141, 81.4063879557
46, 0, 443, 61, 143, 82.5610884941
47, 0, 426, 51, 147, 84.8704895709
48, 0, 407, 48, 151, 87.1798906476
49, 0, 388, 48, 155, 89.4892917244
50, 0, 369, 48, 158, 91.221342532
51, 0, 350, 48, 162, 93.5307436087
52, 0, 331, 48, 166, 95.8401446855
53, 0, 312, 48, 169, 97.572195493
54, 0, 293, 48, 172, 99.3042463006
55, 0, 274, 48, 175, 101.036297108
56, 0, 254, 48, 178, 102.768347916
57, 0, 235, 48, 180, 103.923048454
58, 0, 216, 48, 183, 105.655099262
59, 0, 197, 48, 185, 106.8097998
60, 0, 178, 48, 186, 107.387150069
61, 0, 159, 48, 188, 108.541850608
62, 0, 140, 48, 189, 109.119200877
63, 0, 121, 48, 190, 109.696551146
64, 0, 102, 48, 190, 109.696551146
65, 0, 86, 56, 191, 110.273901415
66, 0, 76, 72, 192, 110.851251684
67, 0, 73, 90, 192, 110.851251684
68, 0, 73, 109, 192, 110.851251684
69, 0, 73, 128, 192, 110.851251684
70, 0, 77, 146, 192, 110.851251684
71, 0, 84, 164, 192, 110.851251684
72, 0, 86, 182, 191, 110.273901415
73, 0, 94, 197, 190, 109.696551146
74, 0, 108, 210, 189, 109.119200877
75, 0, 117, 226, 187, 107.964500338
76, 0, 111, 241, 186, 107.387150069
77, 0, 113, 254, 184, 106.232449531
78, 0, 127, 267, 182, 105.077748993
79, 0, 143, 276, 180, 103.923048454
80, 0, 161, 283, 178, 102.768347916
81, 0, 179, 290, 176, 101.613647377
82, 0, 197, 297, 174, 100.458946839
83, 0, 212, 307, 171, 98.7268960314
84, 0, 217, 323, 168, 96.9948452239
85, 0, 225, 338, 165, 95.2627944163
86, 0, 222, 351, 163, 94.1080938779
87, 0, 224, 364, 161, 92.9533933395
88, 0, 221, 377, 159, 91.7986928012
89, 0, 204, 386, 159, 91.7986928012
90, 0, 196, 400, 157, 90.6439922628
91, 0, 196, 419, 153, 88.334591186
92, 0, 196, 438, 149, 86.0251901093
93, 0, 185, 449, 148, 85.4478398401
94, 0, 177, 463, 145, 83.7157890325
95, 0, 181, 481, 141, 81.4063879557
96, 0, 183, 499, 137, 79.096986879
97, 0, 193, 510, 134, 77.3649360714
98, 0, 211, 517, 132, 76.210235533
99, 0, 229, 519, 130, 75.0555349947
100, 0, 245, 526, 127, 73.3234841871
101, 0, 262, 531, 125, 72.1687836487
102, 0, 281, 531, 123, 71.0140831103
103, 0, 292, 541, 120, 69.2820323028
104, 0, 306, 548, 120, 69.2820323028
105, 0, 325, 548, 124, 71.5914333795
106, 0, 344, 548, 128, 73.9008344563
107, 0, 363, 548, 132, 76.210235533
108, 0, 382, 548, 137, 79.096986879
109, 0, 401, 548, 141, 81.4063879557
110, 0, 420, 548, 145, 83.7157890325
111, 0, 439, 548, 149, 86.0251901093
112, 0, 458, 548, 153, 88.334591186
113, 0, 477, 548, 157, 90.6439922628
114, 0, 496, 548, 161, 92.9533933395
115, 0, 515, 548, 165, 95.2627944163
116, 0, 534, 548, 168, 96.9948452239
117, 0, 553, 548, 171, 98.7268960314
118, 0, 572, 548, 175, 101.036297108
119, 0, 591, 548, 178, 102.768347916
120, 0, 610, 548, 180, 103.923048454
121, 0, 629, 548, 183, 105.655099262
122, 0, 648, 548, 185, 106.8097998
123, 0, 666, 552, 187, 107.964500338
124, 0, 684, 554, 189, 109.119200877
125, 0, 703, 554, 190, 109.696551146
126, 0, 722, 554, 191, 110.273901415
127, 0, 741, 554, 192, 110.851251684
128, 0, 760, 554, 192, 110.851251684
129, 0, 779, 554, 193, 111.428601954
130, 0, 798, 554, 192, 110.851251684
131, 0, 817, 554, 192, 110.851251684
132, 0, 836, 554, 191, 110.273901415
133, 0, 855, 554, 190, 109.696551146
134, 0, 874, 554, 188, 108.541850608
135, 0, 893, 554, 187, 107.964500338
136, 0, 900, 542, 186, 107.387150069
137, 0, 911, 534, 185, 106.8097998
138, 0, 930, 534, 182, 105.077748993
139, 0, 949, 534, 180, 103.923048454
140, 0, 956, 522, 179, 103.345698185
141, 0, 967, 514, 177, 102.190997647
142, 0, 986, 514, 175, 101.036297108
143, 0, 1005, 514, 178, 102.768347916
144, 0, 1024, 514, 180, 103.923048454
145, 0, 1043, 514, 183, 105.655099262
146, 0, 1062, 514, 185, 106.8097998
147, 0, 1081, 514, 187, 107.964500338
148, 0, 1100, 514, 189, 109.119200877
149, 0, 1119, 514, 190, 109.696551146
150, 0, 1138, 514, 191, 110.273901415
151, 0, 1157, 514, 192, 110.851251684
152, 0, 1176, 514, 192, 110.851251684
153, 0, 1195, 514, 192, 110.851251684
154, 0, 1214, 514, 192, 110.851251684
155, 0, 1233, 514, 192, 110.851251684
156, 0, 1252, 514, 191, 110.273901415
157, 0, 1271, 514, 190, 109.696551146
158, 0, 1290, 514, 188, 108.541850608
159, 0, 1309, 514, 186, 107.387150069
160, 0, 1316, 502, 185, 106.8097998
161, 0, 1327, 494, 184, 106.232449531
162, 0, 1346, 494, 182, 105.077748993
163, 0, 1365, 494, 179, 103.345698185
164, 0, 1372, 482, 178, 102.768347916
165, 0, 1383, 474, 176, 101.613647377
166, 0, 1402, 474, 173, 99.8815965698
167, 0, 1420, 478, 170, 98.1495457622
168, 0, 1438, 480, 167, 96.4174949547
169, 0, 1457, 480, 163, 94.1080938779
170, 0, 1468, 469, 161, 92.9533933395
171, 0, 1475, 451, 158, 91.221342532
172, 0, 1489, 443, 155, 89.4892917244
173, 0, 1508, 443, 151, 87.1798906476
174, 0, 1515, 431, 149, 86.0251901093
175, 0, 1526, 423, 146, 84.2931393017
176, 0, 1545, 423, 142, 81.9837382249
177, 0, 1561, 430, 139, 80.2516874174
178, 0, 1578, 435, 136, 78.5196366098
179, 0, 1589, 445, 134, 77.3649360714
180, 0, 1603, 452, 132, 76.210235533
181, 0, 1622, 452, 127, 73.3234841871
182, 0, 1640, 447, 123, 71.0140831103
183, 0, 1658, 443, 119, 68.7046820336
184, 0, 1677, 443, 115, 66.3952809568
185, 0, 1693, 450, 112, 64.6632301492
186, 0, 1707, 463, 110, 63.5085296109
187, 0, 1724, 468, 107, 61.7764788033
188, 0, 1739, 459, 104, 60.0444279957
189, 0, 1755, 453, 100, 57.735026919
190, 0, 1762, 441, 99, 57.1576766498
191, 0, 1773, 433, 97, 56.0029761114
192, 0, 1775, 422, 96, 55.4256258422
193, 0, 1782, 410, 94, 54.2709253038
194, 0, 1800, 406, 91, 52.5388744963
195, 0, 1807, 394, 90, 51.9615242271
196, 0, 1818, 386, 88, 50.8068236887
197, 0, 1837, 386, 85, 49.0747728811
198, 0, 1856, 386, 82, 47.3427220735
199, 0, 1863, 374, 81, 46.7653718044
200, 0, 1874, 366, 79, 45.610671266
201, 0, 1893, 366, 77, 44.4559707276
202, 0, 1904, 355, 75, 43.3012701892
203, 0, 1902, 337, 75, 43.3012701892
204, 0, 1890, 322, 76, 43.8786204584
205, 0, 1873, 312, 78, 45.0333209968
206, 0, 1854, 309, 80, 46.1880215352
207, 0, 1834, 309, 82, 47.3427220735
208, 0, 1815, 313, 85, 49.0747728811
209, 0, 1797, 320, 88, 50.8068236887
210, 0, 1779, 327, 91, 52.5388744963
211, 0, 1761, 334, 94, 54.2709253038
212, 0, 1743, 341, 98, 56.5803263806
213, 0, 1724, 343, 101, 58.3123771882
214, 0, 1705, 343, 105, 60.6217782649
215, 0, 1686, 343, 108, 62.3538290725
216, 0, 1667, 343, 112, 64.6632301492
217, 0, 1648, 338, 115, 66.3952809568
218, 0, 1630, 331, 118, 68.1273317644
219, 0, 1612, 324, 121, 69.8593825719
220, 0, 1594, 317, 124, 71.5914333795
221, 0, 1576, 310, 126, 72.7461339179
222, 0, 1557, 307, 130, 75.0555349947
223, 0, 1538, 307, 133, 76.7875858022
224, 0, 1519, 307, 137, 79.096986879
225, 0, 1500, 307, 140, 80.8290376865
226, 0, 1481, 307, 143, 82.5610884941
227, 0, 1462, 311, 147, 84.8704895709
228, 0, 1443, 313, 151, 87.1798906476
229, 0, 1424, 313, 154, 88.9119414552
230, 0, 1405, 313, 156, 90.0666419936
231, 0, 1386, 317, 160, 92.3760430703
232, 0, 1368, 324, 163, 94.1080938779
233, 0, 1350, 331, 166, 95.8401446855
234, 0, 1331, 333, 169, 97.572195493
235, 0, 1312, 337, 171, 98.7268960314
236, 0, 1293, 339, 173, 99.8815965698
237, 0, 1274, 339, 174, 100.458946839
238, 0, 1255, 339, 176, 101.613647377
239, 0, 1236, 339, 176, 101.613647377
240, 0, 1217, 339, 177, 102.190997647
241, 0, 1198, 339, 177, 102.190997647
242, 0, 1179, 339, 177, 102.190997647
243, 0, 1160, 339, 177, 102.190997647
244, 0, 1141, 339, 176, 101.613647377
245, 0, 1122, 339, 175, 101.036297108
246, 0, 1103, 343, 175, 101.036297108
247, 0, 1085, 341, 173, 99.8815965698
248, 0, 1066, 338, 171, 98.7268960314
249, 0, 1047, 342, 170, 98.1495457622
250, 0, 1029, 349, 168, 96.9948452239
251, 0, 1010, 351, 166, 95.8401446855
252, 0, 991, 351, 164, 94.6854441471
253, 0, 972, 355, 162, 93.5307436087
254, 0, 954, 362, 165, 95.2627944163
255, 0, 936, 369, 168, 96.9948452239
256, 0, 918, 376, 171, 98.7268960314
257, 0, 900, 383, 174, 100.458946839
258, 0, 881, 385, 176, 101.613647377
259, 0, 862, 385, 177, 102.190997647
260, 0, 843, 385, 178, 102.768347916
261, 0, 824, 385, 179, 103.345698185
262, 0, 805, 385, 180, 103.923048454
263, 0, 786, 385, 180, 103.923048454
264, 0, 767, 385, 180, 103.923048454
265, 0, 748, 385, 180, 103.923048454
266, 0, 729, 385, 179, 103.345698185
267, 0, 710, 385, 178, 102.768347916
268, 0, 691, 385, 177, 102.190997647
269, 0, 672, 385, 176, 101.613647377
270, 0, 653, 385, 174, 100.458946839
271, 0, 634, 385, 172, 99.3042463006
272, 0, 622, 374, 169, 97.572195493
273, 0, 608, 371, 167, 96.4174949547
274, 0, 590, 378, 165, 95.2627944163
275, 0, 572, 385, 164, 94.6854441471
276, 0, 554, 392, 162, 93.5307436087
277, 0, 536, 399, 160, 92.3760430703
278, 0, 517, 401, 157, 90.6439922628
279, 0, 501, 393, 153, 88.334591186
280, 0, 484, 392, 150, 86.6025403784
281, 0, 465, 394, 146, 84.2931393017
282, 0, 446, 398, 143, 82.5610884941
283, 0, 427, 400, 139, 80.2516874174
284, 0, 411, 392, 135, 77.9422863406
285, 0, 405, 375, 133, 76.7875858022
286, 0, 394, 363, 137, 79.096986879
287, 0, 382, 349, 141, 81.4063879557
288, 0, 374, 331, 145, 83.7157890325
289, 0, 378, 315, 146, 84.2931393017
290, 0, 391, 301, 145, 83.7157890325
291, 0, 407, 290, 143, 82.5610884941
292, 0, 425, 282, 140, 80.8290376865
293, 0, 443, 274, 138, 79.6743371482
294, 0, 461, 270, 134, 77.3649360714
295, 0, 480, 270, 133, 76.7875858022
296, 0, 491, 259, 133, 76.7875858022
297, 0, 501, 243, 132, 76.210235533
298, 0, 501, 226, 129, 74.4781847255
299, 0, 493, 208, 131, 75.6328852638
300, 0, 498, 192, 131, 75.6328852638
301, 0, 514, 181, 128, 73.9008344563
302, 0, 532, 177, 125, 72.1687836487
303, 0, 547, 168, 125, 72.1687836487
304, 0, 563, 162, 125, 72.1687836487
305, 0, 582, 162, 127, 73.3234841871
306, 0, 601, 162, 129, 74.4781847255
307, 0, 620, 162, 131, 75.6328852638
308, 0, 639, 162, 132, 76.210235533
309, 0, 658, 162, 133, 76.7875858022
310, 0, 677, 162, 134, 77.3649360714
311, 0, 696, 162, 135, 77.9422863406
312, 0, 712, 169, 138, 79.6743371482
313, 0, 729, 174, 139, 80.2516874174
314, 0, 748, 174, 140, 80.8290376865
315, 0, 755, 185, 142, 81.9837382249
316, 0, 766, 192, 144, 83.1384387633
317, 0, 785, 192, 144, 83.1384387633
318, 0, 804, 192, 144, 83.1384387633
319, 0, 823, 192, 143, 82.5610884941
320, 0, 842, 192, 143, 82.5610884941
321, 0, 861, 192, 142, 81.9837382249
322, 0, 880, 192, 141, 81.4063879557
323, 0, 887, 180, 138, 79.6743371482
324, 0, 898, 172, 135, 77.9422863406
325, 0, 917, 172, 134, 77.3649360714
326, 0, 936, 172, 133, 76.7875858022
327, 0, 943, 160, 130, 75.0555349947
328, 0, 943, 141, 126, 72.7461339179
329, 0, 938, 122, 122, 70.4367328411
330, 0, 930, 104, 119, 68.7046820336
331, 0, 916, 92, 118, 68.1273317644
332, 0, 898, 85, 117, 67.5499814952
333, 0, 886, 71, 115, 66.3952809568
334, 0, 871, 63, 114, 65.8179306876
335, 0, 852, 67, 115, 66.3952809568
336, 0, 833, 69, 116, 66.972631226
337, 0, 814, 69, 117, 67.5499814952
338, 0, 795, 64, 116, 66.972631226
339, 0, 776, 61, 115, 66.3952809568
340, 0, 757, 61, 115, 66.3952809568
341, 0, 738, 61, 115, 66.3952809568
342, 0, 719, 61, 115, 66.3952809568
343, 0, 700, 61, 114, 65.8179306876
344, 0, 681, 61, 113, 65.2405804184
345, 0, 662, 61, 113, 65.2405804184
346, 0, 643, 61, 112, 64.6632301492
347, 0, 627, 53, 109, 62.9311793417
348, 0, 610, 47, 108, 62.3538290725
349, 0, 591, 47, 111, 64.08587988
350, 0, 572, 42, 115, 66.3952809568
351, 0, 553, 39, 119, 68.7046820336
352, 0, 534, 43, 123, 71.0140831103
353, 0, 518, 54, 127, 73.3234841871
354, 0, 501, 63, 131, 75.6328852638
355, 0, 483, 70, 135, 77.9422863406
356, 0, 465, 77, 139, 80.2516874174
357, 0, 449, 88, 143, 82.5610884941
358, 0, 435, 102, 146, 84.2931393017
359, 0, 421, 116, 149, 86.0251901093
360, 0, 407, 130, 152, 87.7572409168
361, 0, 393, 144, 155, 89.4892917244
362, 0, 376, 153, 158, 91.221342532
363, 0, 358, 160, 162, 93.5307436087
364, 0, 342, 171, 164, 94.6854441471
365, 0, 325, 176, 167, 96.4174949547
366, 0, 306, 176, 171, 98.7268960314
367, 0, 293, 165, 173, 99.8815965698
368, 0, 289, 146, 174, 100.458946839
369, 0, 289, 127, 175, 101.036297108
370, 0, 293, 108, 174, 100.458946839
371, 0, 300, 90, 173, 99.8815965698
372, 0, 292, 78, 174, 100.458946839
373, 0, 274, 71, 176, 101.613647377
374, 0, 256, 64, 178, 102.768347916
375, 0, 237, 61, 181, 104.500398723
376, 0, 218, 61, 183, 105.655099262
377, 0, 199, 61, 185, 106.8097998
378, 0, 180, 61, 187, 107.964500338
379, 0, 161, 61, 188, 108.541850608
380, 0, 142, 61, 190, 109.696551146
381, 0, 123, 61, 190, 109.696551146
382, 0, 104, 61, 191, 110.273901415
383, 0, 88, 69, 191, 110.273901415
384, 0, 78, 85, 192, 110.851251684
385, 0, 71, 103, 192, 110.851251684
386, 0, 68, 121, 192, 110.851251684
387, 0, 68, 140, 192, 110.851251684
388, 0, 68, 159, 192, 110.851251684
389, 0, 68, 178, 191, 110.273901415
390, 0, 68, 197, 190, 109.696551146
391, 0, 68, 216, 188, 108.541850608
392, 0, 68, 235, 187, 107.964500338
393, 0, 68, 254, 185, 106.8097998
394, 0, 68, 273, 182, 105.077748993
395, 0, 68, 292, 180, 103.923048454
396, 0, 68, 311, 177, 102.190997647
397, 0, 68, 330, 174, 100.458946839
398, 0, 68, 349, 171, 98.7268960314
399, 0, 63, 367, 167, 96.4174949547
400, 0, 60, 385, 164, 94.6854441471
401, 0, 60, 404, 160, 92.3760430703
402, 0, 60, 423, 156, 90.0666419936
403, 0, 60, 442, 152, 87.7572409168
404, 0, 60, 461, 148, 85.4478398401
405, 0, 60, 480, 144, 83.1384387633
406, 0, 55, 498, 140, 80.8290376865
407, 0, 56, 516, 136, 78.5196366098
408, 0, 58, 534, 132, 76.210235533
409, 0, 66, 549, 129, 74.4781847255
410, 0, 75, 565, 126, 72.7461339179
411, 0, 86, 580, 122, 70.4367328411
412, 0, 102, 580, 122, 70.4367328411
413, 0, 117, 584, 121, 69.8593825719
414, 0, 133, 593, 119, 68.7046820336
415, 0, 151, 595, 118, 68.1273317644
416, 0, 169, 599, 117, 67.5499814952
417, 0, 180, 612, 114, 65.8179306876
418, 0, 182, 630, 110, 63.5085296109
419, 0, 186, 648, 106, 61.1991285341
420, 0, 199, 659, 104, 60.0444279957
421, 0, 217, 661, 102, 58.8897274573
422, 0, 224, 672, 101, 58.3123771882
423, 0, 235, 679, 103, 59.4670777265
424, 0, 254, 679, 106, 61.1991285341
425, 0, 273, 679, 110, 63.5085296109
426, 0, 292, 679, 114, 65.8179306876
427, 0, 311, 679, 118, 68.1273317644
428, 0, 330, 679, 122, 70.4367328411
429, 0, 349, 679, 126, 72.7461339179
430, 0, 368, 679, 130, 75.0555349947
431, 0, 387, 679, 133, 76.7875858022
432, 0, 406, 679, 137, 79.096986879
433, 0, 425, 679, 141, 81.4063879557
434, 0, 444, 679, 145, 83.7157890325
435, 0, 463, 679, 149, 86.0251901093
436, 0, 482, 679, 153, 88.334591186
437, 0, 500, 683, 156, 90.0666419936
438, 0, 518, 690, 159, 91.7986928012
439, 0, 536, 692, 162, 93.5307436087
440, 0, 555, 692, 165, 95.2627944163
441, 0, 573, 696, 167, 96.4174949547
442, 0, 591, 698, 170, 98.1495457622
443, 0, 609, 702, 172, 99.3042463006
444, 0, 627, 709, 173, 99.8815965698
445, 0, 645, 711, 175, 101.036297108
446, 0, 664, 711, 177, 102.190997647
447, 0, 683, 711, 178, 102.768347916
448, 0, 702, 711, 180, 103.923048454
449, 0, 721, 711, 181, 104.500398723
450, 0, 740, 711, 181, 104.500398723
451, 0, 751, 721, 180, 103.923048454
452, 0, 765, 728, 180, 103.923048454
453, 0, 784, 728, 180, 103.923048454
454, 0, 803, 728, 179, 103.345698185
455, 0, 822, 728, 179, 103.345698185
456, 0, 841, 728, 178, 102.768347916
457, 0, 860, 728, 177, 102.190997647
458, 0, 878, 723, 176, 101.613647377
459, 0, 896, 719, 175, 101.036297108
460, 0, 912, 726, 173, 99.8815965698
461, 0, 926, 739, 170, 98.1495457622
462, 0, 943, 744, 167, 96.4174949547
463, 0, 962, 744, 164, 94.6854441471
464, 0, 981, 744, 162, 93.5307436087
465, 0, 1000, 744, 160, 92.3760430703
466, 0, 1011, 733, 163, 94.1080938779
467, 0, 1025, 725, 166, 95.8401446855
468, 0, 1044, 725, 168, 96.9948452239
469, 0, 1063, 725, 170, 98.1495457622
470, 0, 1082, 725, 172, 99.3042463006
471, 0, 1101, 725, 173, 99.8815965698
472, 0, 1120, 725, 174, 100.458946839
473, 0, 1139, 725, 175, 101.036297108
474, 0, 1158, 725, 176, 101.613647377
475, 0, 1177, 725, 176, 101.613647377
476, 0, 1196, 725, 176, 101.613647377
477, 0, 1211, 716, 178, 102.768347916
478, 0, 1227, 710, 178, 102.768347916
479, 0, 1246, 710, 177, 102.190997647
480, 0, 1265, 710, 176, 101.613647377
481, 0, 1284, 710, 175, 101.036297108
482, 0, 1300, 717, 173, 99.8815965698
483, 0, 1305, 733, 170, 98.1495457622
484, 0, 1315, 744, 167, 96.4174949547
485, 0, 1333, 746, 165, 95.2627944163
486, 0, 1344, 756, 162, 93.5307436087
487, 0, 1358, 763, 160, 92.3760430703
488, 0, 1377, 763, 157, 90.6439922628
489, 0, 1388, 773, 154, 88.9119414552
490, 0, 1390, 791, 151, 87.1798906476
491, 0, 1390, 810, 148, 85.4478398401
492, 0, 1400, 821, 145, 83.7157890325
493, 0, 1403, 834, 142, 81.9837382249
494, 0, 1411, 845, 139, 80.2516874174
495, 0, 1429, 847, 136, 78.5196366098
496, 0, 1440, 857, 133, 76.7875858022
497, 0, 1451, 872, 129, 74.4781847255
498, 0, 1467, 872, 127, 73.3234841871
499, 0, 1485, 868, 125, 72.1687836487
500, 0, 1500, 859, 124, 71.5914333795
501, 0, 1516, 853, 123, 71.0140831103
502, 0, 1535, 853, 120, 69.2820323028
503, 0, 1554, 853, 117, 67.5499814952
504, 0, 1573, 853, 114, 65.8179306876
505, 0, 1592, 853, 111, 64.08587988
506, 0, 1603, 842, 111, 64.08587988
507, 0, 1617, 834, 109, 62.9311793417
508, 0, 1624, 822, 109, 62.9311793417
509, 0, 1635, 814, 108, 62.3538290725
510, 0, 1654, 814, 105, 60.6217782649
511, 0, 1673, 814, 102, 58.8897274573
512, 0, 1680, 802, 102, 58.8897274573
513, 0, 1691, 794, 101, 58.3123771882
514, 0, 1710, 794, 98, 56.5803263806
515, 0, 1729, 794, 95, 54.848275573
516, 0, 1745, 801, 92, 53.1162247654
517, 0, 1762, 806, 89, 51.3841739579
518, 0, 1780, 810, 86, 49.6521231503
519, 0, 1795, 820, 84, 48.4974226119
520, 0, 1812, 825, 81, 46.7653718044
521, 0, 1823, 814, 80, 46.1880215352
522, 0, 1837, 806, 79, 45.610671266
523, 0, 1856, 806, 77, 44.4559707276
524, 0, 1867, 816, 75, 43.3012701892
525, 0, 1881, 823, 74, 42.72391992
526, 0, 1900, 823, 72, 41.5692193817
527, 0, 1916, 830, 70, 40.4145188433
528, 0, 1921, 846, 69, 39.8371685741
529, 0, 1912, 862, 70, 40.4145188433
530, 0, 1914, 875, 69, 39.8371685741
531, 0, 1928, 888, 68, 39.2598183049
532, 0, 1945, 893, 66, 38.1051177665
533, 0, 1964, 893, 65, 37.5277674973
534, 0, 1975, 903, 65, 37.5277674973
535, 0, 1977, 921, 64, 36.9504172281
536, 0, 1968, 937, 64, 36.9504172281
537, 0, 1954, 951, 65, 37.5277674973
538, 0, 1952, 967, 64, 36.9504172281
539, 0, 1959, 985, 64, 36.9504172281
540, 0, 1973, 992, 63, 36.3730669589
541, 0, 1980, 1003, 63, 36.3730669589
542, 0, 1980, 1022, 62, 35.7957166898
543, 0, 1971, 1038, 62, 35.7957166898
544, 0, 1969, 1054, 62, 35.7957166898
545, 0, 1976, 1072, 62, 35.7957166898
546, 0, 1978, 1091, 61, 35.2183664206
547, 0, 1978, 1110, 61, 35.2183664206
548, 0, 1978, 1129, 61, 35.2183664206
549, 0, 1978, 1148, 61, 35.2183664206
550, 0, 1978, 1167, 61, 35.2183664206
551, 0, 1967, 1178, 61, 35.2183664206
552, 0, 1948, 1180, 61, 35.2183664206
553, 0, 1929, 1180, 61, 35.2183664206
554, 0, 1910, 1180, 61, 35.2183664206
555, 0, 1891, 1180, 62, 35.7957166898
556, 0, 1871, 1180, 62, 35.7957166898
557, 0, 1851, 1180, 62, 35.7957166898
558, 0, 1831, 1180, 63, 36.3730669589
559, 0, 1811, 1180, 63, 36.3730669589
560, 0, 1795, 1172, 64, 36.9504172281
561, 0, 1781, 1159, 65, 37.5277674973
562, 0, 1764, 1158, 66, 38.1051177665
563, 0, 1752, 1171, 66, 38.1051177665
564, 0, 1738, 1182, 66, 38.1051177665
565, 0, 1719, 1184, 66, 38.1051177665
566, 0, 1700, 1184, 67, 38.6824680357
567, 0, 1681, 1184, 68, 39.2598183049
568, 0, 1662, 1184, 69, 39.8371685741
569, 0, 1643, 1179, 70, 40.4145188433
570, 0, 1624, 1176, 71, 40.9918691125
571, 0, 1605, 1176, 72, 41.5692193817
572, 0, 1586, 1176, 73, 42.1465696508
573, 0, 1567, 1176, 74, 42.72391992
574, 0, 1548, 1176, 75, 43.3012701892
575, 0, 1529, 1176, 76, 43.8786204584
576, 0, 1510, 1176, 77, 44.4559707276
577, 0, 1491, 1176, 78, 45.0333209968
578, 0, 1472, 1171, 79, 45.610671266
579, 0, 1453, 1168, 81, 46.7653718044
580, 0, 1433, 1168, 82, 47.3427220735
581, 0, 1413, 1168, 83, 47.9200723427
582, 0, 1394, 1168, 84, 48.4974226119
583, 0, 1375, 1168, 84, 48.4974226119
584, 0, 1359, 1160, 86, 49.6521231503
585, 0, 1342, 1159, 87, 50.2294734195
586, 0, 1324, 1166, 86, 49.6521231503
587, 0, 1305, 1168, 87, 50.2294734195
588, 0, 1286, 1168, 87, 50.2294734195
589, 0, 1267, 1168, 88, 50.8068236887
590, 0, 1248, 1168, 88, 50.8068236887
591, 0, 1229, 1168, 88, 50.8068236887
592, 0, 1210, 1168, 88, 50.8068236887
593, 0, 1191, 1168, 88, 50.8068236887
594, 0, 1172, 1168, 88, 50.8068236887
595, 0, 1153, 1168, 88, 50.8068236887
596, 0, 1134, 1168, 88, 50.8068236887
597, 0, 1115, 1168, 88, 50.8068236887
598, 0, 1096, 1168, 87, 50.2294734195
599, 0, 1077, 1168, 87, 50.2294734195
600, 0, 1058, 1168, 86, 49.6521231503
601, 0, 1039, 1168, 86, 49.6521231503
602, 0, 1020, 1168, 85, 49.0747728811
603, 0, 1001, 1168, 86, 49.6521231503
604, 0, 982, 1168, 87, 50.2294734195
605, 0, 963, 1168, 88, 50.8068236887
606, 0, 944, 1168, 89, 51.3841739579
607, 0, 925, 1168, 90, 51.9615242271
608, 0, 906, 1168, 90, 51.9615242271
609, 0, 887, 1168, 91, 52.5388744963
610, 0, 868, 1168, 91, 52.5388744963
611, 0, 849, 1168, 92, 53.1162247654
612, 0, 830, 1168, 92, 53.1162247654
613, 0, 811, 1168, 92, 53.1162247654
614, 0, 792, 1163, 93, 53.6935750346
615, 0, 773, 1160, 94, 54.2709253038
616, 0, 754, 1164, 93, 53.6935750346
617, 0, 735, 1166, 93, 53.6935750346
618, 0, 716, 1166, 92, 53.1162247654
619, 0, 697, 1166, 92, 53.1162247654
620, 0, 678, 1166, 92, 53.1162247654
621, 0, 659, 1166, 91, 52.5388744963
622, 0, 646, 1155, 92, 53.1162247654
623, 0, 632, 1152, 92, 53.1162247654
624, 0, 614, 1159, 90, 51.9615242271
625, 0, 596, 1166, 89, 51.3841739579
626, 0, 577, 1168, 87, 50.2294734195
627, 0, 558, 1168, 86, 49.6521231503
628, 0, 539, 1168, 85, 49.0747728811
629, 0, 520, 1168, 84, 48.4974226119
630, 0, 501, 1168, 83, 47.9200723427
631, 0, 482, 1168, 82, 47.3427220735
632, 0, 463, 1168, 81, 46.7653718044
633, 0, 443, 1168, 80, 46.1880215352
634, 0, 423, 1168, 78, 45.0333209968
635, 0, 404, 1163, 78, 45.0333209968
636, 0, 386, 1164, 77, 44.4559707276
637, 0, 368, 1171, 75, 43.3012701892
638, 0, 349, 1173, 73, 42.1465696508
639, 0, 330, 1173, 72, 41.5692193817
640, 0, 311, 1173, 71, 40.9918691125
641, 0, 295, 1165, 71, 40.9918691125
642, 0, 281, 1152, 71, 40.9918691125
643, 0, 264, 1151, 70, 40.4145188433
644, 0, 248, 1162, 69, 39.8371685741
645, 0, 231, 1171, 67, 38.6824680357
646, 0, 213, 1178, 66, 38.1051177665
647, 0, 194, 1180, 65, 37.5277674973
648, 0, 175, 1180, 65, 37.5277674973
649, 0, 156, 1180, 64, 36.9504172281
650, 0, 137, 1180, 63, 36.3730669589
651, 0, 118, 1180, 63, 36.3730669589
652, 0, 99, 1180, 62, 35.7957166898
653, 0, 86, 1169, 62, 35.7957166898
654, 0, 72, 1166, 62, 35.7957166898
655, 0, 54, 1173, 62, 35.7957166898
656, 0, 36, 1180, 61, 35.2183664206
657, 0, 20, 1175, 61, 35.2183664206
658, 0, 14, 1158, 61, 35.2183664206
659, 0, 14, 1139, 61, 35.2183664206
660, 0, 14, 1120, 62, 35.7957166898
661, 0, 25, 1112, 62, 35.7957166898
662, 0, 44, 1112, 63, 36.3730669589
663, 0, 63, 1112, 63, 36.3730669589
664, 0, 82, 1112, 64, 36.9504172281
665, 0, 101, 1112, 64, 36.9504172281
666, 0, 108, 1100, 65, 37.5277674973
667, 0, 103, 1081, 65, 37.5277674973
668, 0, 91, 1066, 65, 37.5277674973
669, 0, 74, 1056, 65, 37.5277674973
670, 0, 55, 1053, 64, 36.9504172281
671, 0, 39, 1045, 64, 36.9504172281
672, 0, 25, 1032, 64, 36.9504172281
673, 0, 19, 1015, 64, 36.9504172281
674, 0, 26, 999, 64, 36.9504172281
675, 0, 42, 993, 65, 37.5277674973
676, 0, 61, 993, 66, 38.1051177665
677, 0, 80, 993, 67, 38.6824680357
678, 0, 99, 993, 68, 39.2598183049
679, 0, 118, 993, 70, 40.4145188433
680, 0, 137, 993, 71, 40.9918691125
681, 0, 144, 981, 72, 41.5692193817
682, 0, 139, 962, 73, 42.1465696508
683, 0, 127, 947, 73, 42.1465696508
684, 0, 110, 937, 72, 41.5692193817
685, 0, 91, 934, 70, 40.4145188433
686, 0, 83, 922, 70, 40.4145188433
687, 0, 83, 903, 71, 40.9918691125
688, 0, 90, 887, 72, 41.5692193817
689, 0, 106, 881, 74, 42.72391992
690, 0, 125, 881, 76, 43.8786204584
691, 0, 144, 881, 78, 45.0333209968
692, 0, 163, 881, 80, 46.1880215352
693, 0, 182, 881, 82, 47.3427220735
694, 0, 201, 881, 85, 49.0747728811
695, 0, 220, 881, 87, 50.2294734195
696, 0, 239, 881, 90, 51.9615242271
697, 0, 258, 881, 92, 53.1162247654
698, 0, 277, 881, 95, 54.848275573
699, 0, 296, 881, 98, 56.5803263806
700, 0, 315, 881, 101, 58.3123771882
701, 0, 334, 881, 104, 60.0444279957
702, 0, 353, 881, 107, 61.7764788033
703, 0, 372, 881, 110, 63.5085296109
704, 0, 391, 881, 113, 65.2405804184
705, 0, 410, 881, 116, 66.972631226
706, 0, 429, 881, 119, 68.7046820336
707, 0, 448, 881, 122, 70.4367328411
708, 0, 467, 881, 125, 72.1687836487
709, 0, 486, 881, 127, 73.3234841871
710, 0, 505, 881, 130, 75.0555349947
711, 0, 524, 881, 133, 76.7875858022
712, 0, 543, 881, 135, 77.9422863406
713, 0, 562, 881, 138, 79.6743371482
714, 0, 581, 881, 140, 80.8290376865
715, 0, 600, 881, 142, 81.9837382249
716, 0, 619, 881, 144, 83.1384387633
717, 0, 638, 881, 146, 84.2931393017
718, 0, 657, 881, 147, 84.8704895709
719, 0, 676, 881, 148, 85.4478398401
720, 0, 692, 888, 148, 85.4478398401
721, 0, 708, 888, 149, 86.0251901093
722, 0, 726, 884, 150, 86.6025403784
723, 0, 745, 884, 151, 87.1798906476
724, 0, 764, 884, 151, 87.1798906476
725, 0, 783, 884, 151, 87.1798906476
726, 0, 802, 884, 151, 87.1798906476
727, 0, 821, 884, 151, 87.1798906476
728, 0, 840, 884, 150, 86.6025403784
729, 0, 859, 884, 149, 86.0251901093
730, 0, 878, 884, 148, 85.4478398401
731, 0, 897, 884, 147, 84.8704895709
732, 0, 916, 884, 145, 83.7157890325
733, 0, 935, 884, 144, 83.1384387633
734, 0, 954, 884, 142, 81.9837382249
735, 0, 973, 884, 140, 80.8290376865
736, 0, 992, 884, 137, 79.096986879
737, 0, 1010, 879, 137, 79.096986879
738, 0, 1028, 875, 140, 80.8290376865
739, 0, 1047, 875, 141, 81.4063879557
740, 0, 1066, 875, 143, 82.5610884941
741, 0, 1085, 875, 144, 83.1384387633
742, 0, 1104, 875, 145, 83.7157890325
743, 0, 1123, 875, 146, 84.2931393017
744, 0, 1142, 875, 147, 84.8704895709
745, 0, 1161, 875, 147, 84.8704895709
746, 0, 1177, 882, 146, 84.2931393017
747, 0, 1191, 895, 143, 82.5610884941
748, 0, 1205, 908, 140, 80.8290376865
749, 0, 1221, 908, 140, 80.8290376865
750, 0, 1236, 896, 142, 81.9837382249
751, 0, 1252, 885, 144, 83.1384387633
752, 0, 1270, 886, 143, 82.5610884941
753, 0, 1285, 896, 140, 80.8290376865
754, 0, 1299, 909, 137, 79.096986879
755, 0, 1313, 922, 133, 76.7875858022
756, 0, 1327, 935, 130, 75.0555349947
757, 0, 1341, 948, 126, 72.7461339179
758, 0, 1346, 964, 122, 70.4367328411
759, 0, 1357, 971, 120, 69.2820323028
760, 0, 1375, 975, 118, 68.1273317644
761, 0, 1393, 977, 116, 66.972631226
762, 0, 1412, 977, 114, 65.8179306876
763, 0, 1431, 977, 112, 64.6632301492
764, 0, 1450, 977, 111, 64.08587988
765, 0, 1469, 977, 109, 62.9311793417
766, 0, 1488, 977, 106, 61.1991285341
767, 0, 1506, 972, 105, 60.6217782649
768, 0, 1524, 968, 104, 60.0444279957
769, 0, 1542, 963, 102, 58.8897274573
770, 0, 1557, 967, 100, 57.735026919
771, 0, 1574, 972, 97, 56.0029761114
772, 0, 1589, 963, 97, 56.0029761114
773, 0, 1602, 965, 95, 54.848275573
774, 0, 1615, 961, 94, 54.2709253038
775, 0, 1631, 955, 93, 53.6935750346
776, 0, 1650, 955, 90, 51.9615242271
777, 0, 1661, 965, 88, 50.8068236887
778, 0, 1675, 972, 86, 49.6521231503
779, 0, 1694, 972, 84, 48.4974226119
780, 0, 1713, 972, 82, 47.3427220735
781, 0, 1724, 961, 81, 46.7653718044
782, 0, 1738, 953, 81, 46.7653718044
783, 0, 1757, 953, 79, 45.610671266
784, 0, 1776, 953, 77, 44.4559707276
785, 0, 1787, 942, 76, 43.8786204584
786, 0, 1801, 934, 76, 43.8786204584
787, 0, 1820, 934, 74, 42.72391992
788, 0, 1839, 934, 72, 41.5692193817
789, 0, 1858, 934, 71, 40.9918691125
790, 0, 1877, 934, 69, 39.8371685741
791, 0, 1884, 945, 68, 39.2598183049
792, 0, 1888, 963, 68, 39.2598183049
793, 0, 1895, 981, 66, 38.1051177665
794, 0, 1902, 999, 66, 38.1051177665
795, 0, 1909, 1017, 65, 37.5277674973
796, 0, 1916, 1035, 64, 36.9504172281
797, 0, 1918, 1053, 63, 36.3730669589
798, 0, 1907, 1064, 64, 36.9504172281
799, 0, 1904, 1077, 63, 36.3730669589
800, 0, 1898, 1092, 63, 36.3730669589
801, 0, 1881, 1097, 64, 36.9504172281
802, 0, 1865, 1105, 64, 36.9504172281
803, 0, 1851, 1119, 64, 36.9504172281
804, 0, 1834, 1128, 64, 36.9504172281
805, 0, 1818, 1123, 65, 37.5277674973
806, 0, 1801, 1113, 66, 38.1051177665
807, 0, 1783, 1106, 67, 38.6824680357
808, 0, 1764, 1103, 68, 39.2598183049
809, 0, 1745, 1107, 69, 39.8371685741
810, 0, 1727, 1114, 70, 40.4145188433
811, 0, 1709, 1121, 70, 40.4145188433
812, 0, 1691, 1128, 71, 40.9918691125
813, 0, 1675, 1123, 72, 41.5692193817
814, 0, 1658, 1117, 74, 42.72391992
815, 0, 1639, 1117, 75, 43.3012701892
816, 0, 1620, 1117, 76, 43.8786204584
817, 0, 1601, 1117, 77, 44.4559707276
818, 0, 1582, 1117, 79, 45.610671266
819, 0, 1563, 1117, 80, 46.1880215352
820, 0, 1543, 1117, 81, 46.7653718044
821, 0, 1524, 1112, 83, 47.9200723427
822, 0, 1506, 1105, 86, 49.6521231503
823, 0, 1487, 1102, 87, 50.2294734195
824, 0, 1468, 1102, 89, 51.3841739579
825, 0, 1449, 1102, 90, 51.9615242271
826, 0, 1430, 1102, 91, 52.5388744963
827, 0, 1411, 1097, 93, 53.6935750346
828, 0, 1393, 1090, 95, 54.848275573
829, 0, 1375, 1083, 98, 56.5803263806
830, 0, 1356, 1080, 99, 57.1576766498
831, 0, 1337, 1080, 100, 57.735026919
832, 0, 1318, 1084, 100, 57.735026919
833, 0, 1299, 1086, 101, 58.3123771882
834, 0, 1280, 1086, 101, 58.3123771882
835, 0, 1261, 1086, 102, 58.8897274573
836, 0, 1242, 1086, 102, 58.8897274573
837, 0, 1223, 1086, 103, 59.4670777265
838, 0, 1204, 1086, 103, 59.4670777265
839, 0, 1185, 1086, 103, 59.4670777265
840, 0, 1166, 1086, 103, 59.4670777265
841, 0, 1147, 1086, 102, 58.8897274573
842, 0, 1128, 1086, 102, 58.8897274573
843, 0, 1109, 1086, 102, 58.8897274573
844, 0, 1090, 1086, 101, 58.3123771882
845, 0, 1071, 1086, 100, 57.735026919
846, 0, 1052, 1086, 99, 57.1576766498
847, 0, 1033, 1086, 99, 57.1576766498
848, 0, 1014, 1086, 98, 56.5803263806
849, 0, 995, 1086, 100, 57.735026919
850, 0, 976, 1086, 101, 58.3123771882
851, 0, 957, 1086, 102, 58.8897274573
852, 0, 938, 1086, 103, 59.4670777265
853, 0, 919, 1086, 104, 60.0444279957
854, 0, 900, 1086, 105, 60.6217782649
855, 0, 881, 1086, 106, 61.1991285341
856, 0, 862, 1086, 106, 61.1991285341
857, 0, 843, 1086, 107, 61.7764788033
858, 0, 824, 1086, 107, 61.7764788033
859, 0, 805, 1086, 108, 62.3538290725
860, 0, 786, 1086, 108, 62.3538290725
861, 0, 767, 1086, 108, 62.3538290725
862, 0, 748, 1086, 108, 62.3538290725
863, 0, 729, 1086, 107, 61.7764788033
864, 0, 710, 1081, 108, 62.3538290725
865, 0, 692, 1074, 109, 62.9311793417
866, 0, 673, 1071, 109, 62.9311793417
867, 0, 654, 1071, 108, 62.3538290725
868, 0, 635, 1071, 107, 61.7764788033
869, 0, 616, 1071, 106, 61.1991285341
870, 0, 597, 1075, 104, 60.0444279957
871, 0, 579, 1082, 101, 58.3123771882
872, 0, 560, 1084, 100, 57.735026919
873, 0, 541, 1084, 98, 56.5803263806
874, 0, 522, 1084, 97, 56.0029761114
875, 0, 503, 1079, 96, 55.4256258422
876, 0, 485, 1080, 95, 54.848275573
877, 0, 467, 1087, 92, 53.1162247654
878, 0, 448, 1089, 90, 51.9615242271
879, 0, 429, 1089, 88, 50.8068236887
880, 0, 410, 1089, 87, 50.2294734195
881, 0, 391, 1089, 85, 49.0747728811
882, 0, 372, 1093, 83, 47.9200723427
883, 0, 354, 1100, 81, 46.7653718044
884, 0, 334, 1102, 79, 45.610671266
885, 0, 315, 1097, 78, 45.0333209968
886, 0, 297, 1090, 77, 44.4559707276
887, 0, 278, 1087, 76, 43.8786204584
888, 0, 262, 1079, 75, 43.3012701892
889, 0, 245, 1078, 74, 42.72391992
890, 0, 229, 1089, 72, 41.5692193817
891, 0, 215, 1103, 70, 40.4145188433
892, 0, 201, 1117, 69, 39.8371685741
893, 0, 184, 1126, 67, 38.6824680357
894, 0, 166, 1124, 67, 38.6824680357
895, 0, 158, 1109, 67, 38.6824680357
896, 0, 158, 1090, 68, 39.2598183049
897, 0, 158, 1071, 69, 39.8371685741
898, 0, 162, 1052, 70, 40.4145188433
899, 0, 172, 1036, 71, 40.9918691125
900, 0, 185, 1022, 73, 42.1465696508
901, 0, 201, 1016, 75, 43.3012701892
902, 0, 220, 1016, 77, 44.4559707276
903, 0, 239, 1016, 78, 45.0333209968
904, 0, 258, 1016, 80, 46.1880215352
905, 0, 277, 1016, 82, 47.3427220735
906, 0, 296, 1016, 84, 48.4974226119
907, 0, 315, 1016, 86, 49.6521231503
908, 0, 334, 1016, 88, 50.8068236887
909, 0, 353, 1016, 90, 51.9615242271
910, 0, 372, 1016, 92, 53.1162247654
911, 0, 391, 1016, 94, 54.2709253038
912, 0, 410, 1016, 97, 56.0029761114
913, 0, 417, 1004, 99, 57.1576766498
914, 0, 428, 996, 102, 58.8897274573
915, 0, 447, 996, 104, 60.0444279957
916, 0, 466, 996, 106, 61.1991285341
917, 0, 485, 996, 108, 62.3538290725
918, 0, 504, 996, 110, 63.5085296109
919, 0, 523, 996, 112, 64.6632301492
920, 0, 542, 996, 114, 65.8179306876
921, 0, 561, 996, 116, 66.972631226
922, 0, 580, 996, 118, 68.1273317644
923, 0, 599, 996, 119, 68.7046820336
924, 0, 618, 996, 121, 69.8593825719
925, 0, 637, 996, 122, 70.4367328411
926, 0, 656, 996, 123, 71.0140831103
927, 0, 675, 996, 124, 71.5914333795
928, 0, 694, 996, 125, 72.1687836487
929, 0, 713, 996, 126, 72.7461339179
930, 0, 732, 996, 126, 72.7461339179
931, 0, 751, 996, 127, 73.3234841871
932, 0, 770, 996, 127, 73.3234841871
933, 0, 789, 996, 127, 73.3234841871
934, 0, 808, 996, 127, 73.3234841871
935, 0, 827, 996, 126, 72.7461339179
936, 0, 846, 996, 126, 72.7461339179
937, 0, 865, 996, 125, 72.1687836487
938, 0, 884, 996, 124, 71.5914333795
939, 0, 903, 996, 123, 71.0140831103
940, 0, 922, 996, 122, 70.4367328411
941, 0, 941, 996, 120, 69.2820323028
942, 0, 960, 996, 119, 68.7046820336
943, 0, 979, 996, 117, 67.5499814952
944, 0, 998, 996, 116, 66.972631226
945, 0, 1017, 996, 114, 65.8179306876
946, 0, 1036, 996, 116, 66.972631226
947, 0, 1055, 996, 117, 67.5499814952
948, 0, 1074, 996, 118, 68.1273317644
949, 0, 1093, 996, 119, 68.7046820336
950, 0, 1112, 996, 120, 69.2820323028
951, 0, 1131, 996, 120, 69.2820323028
952, 0, 1149, 1000, 120, 69.2820323028
953, 0, 1167, 1002, 120, 69.2820323028
954, 0, 1186, 1002, 120, 69.2820323028
955, 0, 1205, 1002, 120, 69.2820323028
956, 0, 1224, 1002, 120, 69.2820323028
957, 0, 1243, 1002, 119, 68.7046820336
958, 0, 1261, 1006, 118, 68.1273317644
959, 0, 1272, 998, 119, 68.7046820336
960, 0, 1274, 979, 123, 71.0140831103
961, 0, 1269, 960, 127, 73.3234841871
962, 0, 1257, 945, 131, 75.6328852638
963, 0, 1243, 932, 134, 77.3649360714
964, 0, 1226, 922, 137, 79.096986879
965, 0, 1208, 915, 139, 80.2516874174
966, 0, 1190, 908, 140, 80.8290376865
967, 0, 1172, 901, 142, 81.9837382249
968, 0, 1154, 894, 143, 82.5610884941
969, 0, 1135, 891, 143, 82.5610884941
970, 0, 1116, 891, 142, 81.9837382249
971, 0, 1097, 891, 141, 81.4063879557
972, 0, 1078, 891, 140, 80.8290376865
973, 0, 1059, 891, 139, 80.2516874174
974, 0, 1040, 891, 137, 79.096986879
975, 0, 1021, 891, 136, 78.5196366098
976, 0, 1002, 891, 135, 77.9422863406
977, 0, 983, 891, 137, 79.096986879
978, 0, 964, 891, 139, 80.2516874174
979, 0, 945, 891, 141, 81.4063879557
980, 0, 937, 879, 144, 83.1384387633
981, 0, 937, 860, 148, 85.4478398401
982, 0, 932, 841, 152, 87.7572409168
983, 0, 924, 823, 156, 90.0666419936
984, 0, 912, 808, 160, 92.3760430703
985, 0, 898, 795, 164, 94.6854441471
986, 0, 881, 785, 167, 96.4174949547
987, 0, 863, 778, 169, 97.572195493
988, 0, 845, 771, 171, 98.7268960314
989, 0, 827, 764, 173, 99.8815965698
990, 0, 808, 761, 174, 100.458946839
991, 0, 789, 761, 175, 101.036297108
992, 0, 770, 756, 175, 101.036297108
993, 0, 751, 753, 176, 101.613647377
994, 0, 732, 753, 175, 101.036297108
995, 0, 713, 753, 174, 100.458946839
996, 0, 694, 753, 173, 99.8815965698
997, 0, 678, 745, 173, 99.8815965698
998, 0, 661, 739, 173, 99.8815965698
999, 0, 642, 743, 170, 98.1495457622
