0, 0, 10, 5, 65, 77.4639835186
1, 0, 26, 15, 70, 83.4227514816
2, 0, 42, 25, 75, 89.3815194446
3, 0, 60, 32, 80, 95.3402874075
4, 0, 79, 34, 85, 101.299055371
5, 0, 98, 35, 90, 107.257823333
6, 0, 117, 37, 90, 107.257823333
7, 0, 136, 41, 90, 107.257823333
8, 0, 155, 47, 90, 107.257823333
9, 0, 174, 51, 90, 107.257823333
10, 0, 192, 56, 90, 107.257823333
11, 0, 210, 61, 90, 107.257823333
12, 0, 228, 66, 90, 107.257823333
13, 0, 246, 73, 90, 107.257823333
14, 0, 264, 80, 90, 107.257823333
15, 0, 280, 89, 90, 107.257823333
16, 0, 295, 100, 90, 107.257823333
17, 0, 309, 112, 90, 107.257823333
18, 0, 322, 125, 90, 107.257823333
19, 0, 335, 138, 90, 107.257823333
20, 0, 347, 152, 90, 107.257823333
21, 0, 359, 167, 90, 107.257823333
22, 0, 369, 183, 90, 107.257823333
23, 0, 379, 199, 90, 107.257823333
24, 0, 390, 214, 90, 107.257823333
25, 0, 404, 227, 90, 107.257823333
26, 0, 418, 239, 90, 107.257823333
27, 0, 433, 250, 90, 107.257823333
28, 0, 447, 261, 90, 107.257823333
29, 0, 461, 273, 90, 107.257823333
30, 0, 476, 284, 90, 107.257823333
31, 0, 492, 293, 90, 107.257823333
32, 0, 509, 302, 90, 107.257823333
33, 0, 524, 313, 90, 107.257823333
34, 0, 539, 325, 90, 107.257823333
35, 0, 554, 337, 90, 107.257823333
36, 0, 567, 350, 90, 107.257823333
37, 0, 577, 366, 90, 107.257823333
38, 0, 586, 383, 90, 107.257823333
39, 0, 595, 399, 90, 107.257823333
40, 0, 603, 415, 90, 107.257823333
41, 0, 612, 431, 90, 107.257823333
42, 0, 623, 446, 90, 107.257823333
43, 0, 633, 461, 90, 107.257823333
44, 0, 644, 476, 90, 107.257823333
45, 0, 655, 491, 90, 107.257823333
46, 0, 664, 507, 90, 107.257823333
47, 0, 671, 524, 90, 107.257823333
48, 0, 678, 541, 91, 108.449576926
49, 0, 687, 558, 94, 112.024837704
50, 0, 696, 575, 99, 117.983605667
51, 0, 706, 591, 104, 123.94237363
52, 0, 717, 606, 109, 129.901141593
53, 0, 729, 621, 114, 135.859909556
54, 0, 742, 635, 119, 141.818677519
55, 0, 754, 649, 124, 147.777445482
56, 0, 765, 664, 129, 153.736213445
57, 0, 774, 680, 134, 159.694981408
58, 0, 782, 697, 139, 165.653749371
59, 0, 791, 714, 144, 171.612517334
60, 0, 799, 731, 149, 177.571285297
61, 0, 805, 749, 154, 183.53005326
62, 0, 808, 768, 159, 189.488821222
63, 0, 809, 787, 161, 191.872328408
64, 0, 811, 806, 159, 189.488821222
65, 0, 803, 821, 155, 184.721806852
66, 0, 788, 833, 151, 179.954792482
67, 0, 791, 845, 148, 176.379531704
68, 0, 806, 856, 147, 175.187778111
69, 0, 823, 864, 147, 175.187778111
70, 0, 839, 859, 149, 177.571285297
71, 0, 852, 845, 152, 181.146546074
72, 0, 861, 828, 156, 185.913560445
73, 0, 867, 810, 159, 189.488821222
74, 0, 873, 792, 161, 191.872328408
75, 0, 879, 773, 162, 193.064082
76, 0, 884, 754, 162, 193.064082
77, 0, 888, 735, 160, 190.680574815
78, 0, 890, 716, 158, 188.29706763
79, 0, 891, 697, 155, 184.721806852
80, 0, 891, 678, 151, 179.954792482
81, 0, 891, 659, 146, 173.996024519
82, 0, 893, 640, 141, 168.037256556
83, 0, 894, 621, 136, 162.078488593
84, 0, 896, 602, 131, 156.11972063
85, 0, 892, 584, 126, 150.160952667
86, 0, 890, 565, 121, 144.202184704
87, 0, 895, 546, 116, 138.243416741
88, 0, 901, 528, 111, 132.284648778
89, 0, 904, 509, 106, 126.325880815
90, 0, 900, 490, 101, 120.367112852
91, 0, 897, 471, 96, 114.408344889
92, 0, 892, 452, 91, 108.449576926
93, 0, 895, 434, 90, 107.257823333
94, 0, 890, 419, 90, 107.257823333
95, 0, 874, 407, 90, 107.257823333
96, 0, 856, 401, 90, 107.257823333
97, 0, 837, 397, 90, 107.257823333
98, 0, 830, 384, 90, 107.257823333
99, 0, 819, 371, 90, 107.257823333
100, 0, 800, 366, 90, 107.257823333
101, 0, 783, 357, 90, 107.257823333
102, 0, 774, 340, 90, 107.257823333
103, 0, 771, 321, 90, 107.257823333
104, 0, 763, 304, 90, 107.257823333
105, 0, 749, 290, 90, 107.257823333
106, 0, 735, 277, 90, 107.257823333
107, 0, 728, 260, 90, 107.257823333
108, 0, 718, 245, 90, 107.257823333
109, 0, 708, 229, 90, 107.257823333
110, 0, 710, 211, 90, 107.257823333
111, 0, 707, 193, 90, 107.257823333
112, 0, 691, 185, 90, 107.257823333
113, 0, 672, 180, 90, 107.257823333
114, 0, 654, 172, 90, 107.257823333
115, 0, 647, 157, 90, 107.257823333
116, 0, 646, 138, 90, 107.257823333
117, 0, 634, 126, 90, 107.257823333
118, 0, 615, 124, 90, 107.257823333
119, 0, 606, 113, 90, 107.257823333
120, 0, 597, 97, 90, 107.257823333
121, 0, 580, 90, 90, 107.257823333
122, 0, 561, 89, 90, 107.257823333
123, 0, 542, 84, 90, 107.257823333
124, 0, 523, 81, 90, 107.257823333
125, 0, 504, 77, 90, 107.257823333
126, 0, 486, 71, 90, 107.257823333
127, 0, 467, 69, 90, 107.257823333
128, 0, 448, 67, 90, 107.257823333
129, 0, 429, 63, 90, 107.257823333
130, 0, 410, 60, 90, 107.257823333
131, 0, 391, 58, 90, 107.257823333
132, 0, 372, 57, 90, 107.257823333
133, 0, 353, 56, 90, 107.257823333
134, 0, 334, 54, 90, 107.257823333
135, 0, 315, 52, 90, 107.257823333
136, 0, 296, 51, 90, 107.257823333
137, 0, 277, 50, 90, 107.257823333
138, 0, 258, 49, 90, 107.257823333
139, 0, 239, 49, 90, 107.257823333
140, 0, 220, 49, 90, 107.257823333
141, 0, 203, 56, 90, 107.257823333
142, 0, 194, 72, 90, 107.257823333
143, 0, 189, 91, 90, 107.257823333
144, 0, 186, 110, 90, 107.257823333
145, 0, 185, 129, 90, 107.257823333
146, 0, 185, 148, 90, 107.257823333
147, 0, 186, 167, 90, 107.257823333
148, 0, 189, 186, 90, 107.257823333
149, 0, 194, 204, 90, 107.257823333
150, 0, 200, 222, 90, 107.257823333
151, 0, 208, 238, 90, 107.257823333
152, 0, 218, 254, 90, 107.257823333
153, 0, 229, 270, 90, 107.257823333
154, 0, 239, 286, 90, 107.257823333
155, 0, 250, 301, 90, 107.257823333
156, 0, 264, 313, 90, 107.257823333
157, 0, 280, 323, 90, 107.257823333
158, 0, 294, 335, 90, 107.257823333
159, 0, 308, 347, 90, 107.257823333
160, 0, 323, 359, 90, 107.257823333
161, 0, 335, 373, 90, 107.257823333
162, 0, 348, 386, 90, 107.257823333
163, 0, 363, 397, 90, 107.257823333
164, 0, 377, 409, 90, 107.257823333
165, 0, 390, 422, 90, 107.257823333
166, 0, 403, 436, 90, 107.257823333
167, 0, 414, 451, 90, 107.257823333
168, 0, 426, 466, 90, 107.257823333
169, 0, 437, 482, 90, 107.257823333
170, 0, 446, 499, 90, 107.257823333
171, 0, 454, 516, 90, 107.257823333
172, 0, 462, 533, 90, 107.257823333
173, 0, 472, 549, 90, 107.257823333
174, 0, 483, 564, 90, 107.257823333
175, 0, 495, 578, 90, 107.257823333
176, 0, 504, 594, 90, 107.257823333
177, 0, 510, 612, 90, 107.257823333
178, 0, 516, 630, 90, 107.257823333
179, 0, 524, 647, 90, 107.257823333
180, 0, 533, 663, 90, 107.257823333
181, 0, 540, 680, 90, 107.257823333
182, 0, 544, 699, 90, 107.257823333
183, 0, 546, 718, 90, 107.257823333
184, 0, 544, 737, 90, 107.257823333
185, 0, 540, 756, 90, 107.257823333
186, 0, 537, 775, 90, 107.257823333
187, 0, 539, 794, 90, 107.257823333
188, 0, 540, 813, 90, 107.257823333
189, 0, 543, 831, 90, 107.257823333
190, 0, 547, 849, 90, 107.257823333
191, 0, 548, 868, 90, 107.257823333
192, 0, 553, 885, 90, 107.257823333
193, 0, 561, 902, 90, 107.257823333
194, 0, 553, 914, 90, 107.257823333
195, 0, 534, 920, 90, 107.257823333
196, 0, 515, 926, 90, 107.257823333
197, 0, 496, 929, 90, 107.257823333
198, 0, 477, 930, 90, 107.257823333
199, 0, 458, 931, 90, 107.257823333
200, 0, 439, 933, 90, 107.257823333
201, 0, 420, 935, 90, 107.257823333
202, 0, 401, 934, 90, 107.257823333
203, 0, 382, 933, 90, 107.257823333
204, 0, 363, 933, 90, 107.257823333
205, 0, 344, 934, 90, 107.257823333
206, 0, 325, 933, 90, 107.257823333
207, 0, 306, 933, 90, 107.257823333
208, 0, 287, 936, 90, 107.257823333
209, 0, 268, 935, 90, 107.257823333
210, 0, 248, 934, 90, 107.257823333
211, 0, 229, 936, 90, 107.257823333
212, 0, 210, 937, 90, 107.257823333
213, 0, 191, 937, 90, 107.257823333
214, 0, 172, 938, 90, 107.257823333
215, 0, 153, 938, 90, 107.257823333
216, 0, 134, 937, 90, 107.257823333
217, 0, 115, 936, 90, 107.257823333
218, 0, 97, 930, 90, 107.257823333
219, 0, 87, 915, 90, 107.257823333
220, 0, 85, 896, 90, 107.257823333
221, 0, 80, 877, 90, 107.257823333
222, 0, 76, 858, 90, 107.257823333
223, 0, 73, 839, 90, 107.257823333
224, 0, 68, 820, 90, 107.257823333
225, 0, 67, 801, 90, 107.257823333
226, 0, 79, 791, 90, 107.257823333
227, 0, 97, 785, 90, 107.257823333
228, 0, 115, 780, 90, 107.257823333
229, 0, 134, 778, 90, 107.257823333
230, 0, 153, 776, 90, 107.257823333
231, 0, 172, 773, 90, 107.257823333
232, 0, 191, 772, 90, 107.257823333
233, 0, 200, 760, 90, 107.257823333
234, 0, 200, 741, 90, 107.257823333
235, 0, 208, 725, 90, 107.257823333
236, 0, 209, 708, 90, 107.257823333
237, 0, 200, 690, 90, 107.257823333
238, 0, 186, 677, 90, 107.257823333
239, 0, 170, 666, 90, 107.257823333
240, 0, 154, 655, 90, 107.257823333
241, 0, 142, 640, 90, 107.257823333
242, 0, 132, 623, 90, 107.257823333
243, 0, 116, 617, 90, 107.257823333
244, 0, 97, 616, 90, 107.257823333
245, 0, 85, 604, 90, 107.257823333
246, 0, 79, 585, 90, 107.257823333
247, 0, 74, 566, 90, 107.257823333
248, 0, 71, 547, 90, 107.257823333
249, 0, 70, 528, 90, 107.257823333
250, 0, 69, 509, 90, 107.257823333
251, 0, 66, 490, 90, 107.257823333
252, 0, 65, 471, 90, 107.257823333
253, 0, 70, 452, 90, 107.257823333
254, 0, 76, 433, 90, 107.257823333
255, 0, 77, 414, 90, 107.257823333
256, 0, 88, 408, 90, 107.257823333
257, 0, 106, 412, 90, 107.257823333
258, 0, 123, 420, 90, 107.257823333
259, 0, 139, 430, 90, 107.257823333
260, 0, 154, 441, 90, 107.257823333
261, 0, 169, 452, 90, 107.257823333
262, 0, 184, 463, 90, 107.257823333
263, 0, 199, 475, 90, 107.257823333
264, 0, 214, 486, 90, 107.257823333
265, 0, 230, 497, 90, 107.257823333
266, 0, 244, 509, 90, 107.257823333
267, 0, 257, 522, 90, 107.257823333
268, 0, 270, 536, 90, 107.257823333
269, 0, 281, 551, 90, 107.257823333
270, 0, 292, 567, 90, 107.257823333
271, 0, 301, 583, 90, 107.257823333
272, 0, 311, 599, 90, 107.257823333
273, 0, 321, 615, 90, 107.257823333
274, 0, 330, 632, 90, 107.257823333
275, 0, 340, 647, 90, 107.257823333
276, 0, 348, 664, 90, 107.257823333
277, 0, 353, 683, 90, 107.257823333
278, 0, 358, 702, 90, 107.257823333
279, 0, 360, 721, 90, 107.257823333
280, 0, 368, 736, 90, 107.257823333
281, 0, 365, 749, 90, 107.257823333
282, 0, 371, 754, 90, 107.257823333
283, 0, 390, 751, 90, 107.257823333
284, 0, 407, 744, 90, 107.257823333
285, 0, 421, 732, 90, 107.257823333
286, 0, 432, 716, 90, 107.257823333
287, 0, 441, 698, 90, 107.257823333
288, 0, 447, 679, 90, 107.257823333
289, 0, 450, 660, 90, 107.257823333
290, 0, 451, 641, 90, 107.257823333
291, 0, 450, 622, 90, 107.257823333
292, 0, 449, 603, 90, 107.257823333
293, 0, 446, 584, 90, 107.257823333
294, 0, 441, 565, 90, 107.257823333
295, 0, 437, 546, 90, 107.257823333
296, 0, 431, 527, 90, 107.257823333
297, 0, 431, 508, 90, 107.257823333
298, 0, 439, 490, 90, 107.257823333
299, 0, 453, 478, 90, 107.257823333
300, 0, 467, 465, 90, 107.257823333
301, 0, 476, 448, 90, 107.257823333
302, 0, 481, 429, 90, 107.257823333
303, 0, 483, 410, 90, 107.257823333
304, 0, 482, 391, 90, 107.257823333
305, 0, 481, 372, 90, 107.257823333
306, 0, 478, 353, 90, 107.257823333
307, 0, 471, 334, 90, 107.257823333
308, 0, 468, 315, 90, 107.257823333
309, 0, 465, 296, 90, 107.257823333
310, 0, 455, 279, 90, 107.257823333
311, 0, 461, 270, 90, 107.257823333
312, 0, 480, 268, 90, 107.257823333
313, 0, 499, 269, 90, 107.257823333
314, 0, 517, 273, 90, 107.257823333
315, 0, 533, 281, 90, 107.257823333
316, 0, 548, 292, 90, 107.257823333
317, 0, 561, 306, 90, 107.257823333
318, 0, 574, 321, 90, 107.257823333
319, 0, 586, 336, 90, 107.257823333
320, 0, 596, 351, 90, 107.257823333
321, 0, 607, 366, 90, 107.257823333
322, 0, 611, 383, 90, 107.257823333
323, 0, 611, 402, 90, 107.257823333
324, 0, 620, 416, 90, 107.257823333
325, 0, 634, 429, 90, 107.257823333
326, 0, 649, 441, 90, 107.257823333
327, 0, 654, 456, 90, 107.257823333
328, 0, 652, 475, 90, 107.257823333
329, 0, 651, 494, 90, 107.257823333
330, 0, 652, 513, 90, 107.257823333
331, 0, 655, 532, 90, 107.257823333
332, 0, 659, 551, 91, 108.449576926
333, 0, 665, 569, 93, 110.833084111
334, 0, 670, 587, 97, 115.600098482
335, 0, 673, 606, 102, 121.558866445
336, 0, 676, 625, 107, 127.517634408
337, 0, 680, 644, 112, 133.476402371
338, 0, 682, 663, 117, 139.435170334
339, 0, 683, 682, 121, 144.202184704
340, 0, 686, 701, 125, 148.969199074
341, 0, 690, 720, 129, 153.736213445
342, 0, 693, 739, 131, 156.11972063
343, 0, 696, 758, 133, 158.503227815
344, 0, 699, 777, 133, 158.503227815
345, 0, 701, 796, 133, 158.503227815
346, 0, 702, 815, 131, 156.11972063
347, 0, 702, 834, 128, 152.544459852
348, 0, 702, 853, 124, 147.777445482
349, 0, 709, 869, 123, 146.585691889
350, 0, 723, 880, 124, 147.777445482
351, 0, 739, 888, 126, 150.160952667
352, 0, 756, 895, 127, 151.352706259
353, 0, 774, 901, 129, 153.736213445
354, 0, 793, 905, 130, 154.927967037
355, 0, 812, 909, 131, 156.11972063
356, 0, 831, 913, 130, 154.927967037
357, 0, 850, 916, 129, 153.736213445
358, 0, 865, 908, 132, 157.311474222
359, 0, 876, 892, 137, 163.270242185
360, 0, 883, 874, 142, 169.229010148
361, 0, 889, 856, 147, 175.187778111
362, 0, 893, 837, 151, 179.954792482
363, 0, 897, 818, 154, 183.53005326
364, 0, 900, 799, 157, 187.105314037
365, 0, 903, 780, 158, 188.29706763
366, 0, 905, 761, 159, 189.488821222
367, 0, 904, 742, 158, 188.29706763
368, 0, 899, 723, 158, 188.29706763
369, 0, 895, 704, 156, 185.913560445
370, 0, 891, 685, 153, 182.338299667
371, 0, 891, 666, 148, 176.379531704
372, 0, 895, 647, 143, 170.420763741
373, 0, 899, 628, 138, 164.461995778
374, 0, 903, 609, 133, 158.503227815
375, 0, 907, 590, 128, 152.544459852
376, 0, 911, 571, 123, 146.585691889
377, 0, 914, 552, 118, 140.626923926
378, 0, 915, 533, 113, 134.668155963
379, 0, 917, 514, 108, 128.709388
380, 0, 921, 495, 103, 122.750620037
381, 0, 914, 479, 98, 116.791852074
382, 0, 899, 466, 93, 110.833084111
383, 0, 881, 458, 90, 107.257823333
384, 0, 862, 454, 90, 107.257823333
385, 0, 853, 441, 90, 107.257823333
386, 0, 854, 422, 90, 107.257823333
387, 0, 861, 404, 90, 107.257823333
388, 0, 871, 387, 90, 107.257823333
389, 0, 884, 374, 90, 107.257823333
390, 0, 899, 362, 90, 107.257823333
391, 0, 907, 345, 90, 107.257823333
392, 0, 910, 326, 90, 107.257823333
393, 0, 911, 307, 90, 107.257823333
394, 0, 910, 288, 90, 107.257823333
395, 0, 908, 269, 90, 107.257823333
396, 0, 909, 249, 90, 107.257823333
397, 0, 916, 231, 90, 107.257823333
398, 0, 923, 212, 90, 107.257823333
399, 0, 923, 193, 90, 107.257823333
400, 0, 911, 181, 90, 107.257823333
401, 0, 905, 167, 90, 107.257823333
402, 0, 906, 148, 90, 107.257823333
403, 0, 897, 133, 90, 107.257823333
404, 0, 897, 117, 90, 107.257823333
405, 0, 907, 100, 90, 107.257823333
406, 0, 901, 87, 90, 107.257823333
407, 0, 883, 77, 90, 107.257823333
408, 0, 864, 70, 90, 107.257823333
409, 0, 845, 65, 90, 107.257823333
410, 0, 826, 61, 90, 107.257823333
411, 0, 807, 57, 90, 107.257823333
412, 0, 788, 55, 90, 107.257823333
413, 0, 769, 53, 90, 107.257823333
414, 0, 750, 51, 90, 107.257823333
415, 0, 731, 50, 90, 107.257823333
416, 0, 723, 61, 90, 107.257823333
417, 0, 725, 80, 90, 107.257823333
418, 0, 729, 99, 90, 107.257823333
419, 0, 734, 118, 90, 107.257823333
420, 0, 739, 137, 90, 107.257823333
421, 0, 742, 156, 90, 107.257823333
422, 0, 744, 175, 90, 107.257823333
423, 0, 746, 194, 90, 107.257823333
424, 0, 748, 213, 90, 107.257823333
425, 0, 747, 232, 90, 107.257823333
426, 0, 745, 251, 90, 107.257823333
427, 0, 741, 269, 90, 107.257823333
428, 0, 734, 287, 90, 107.257823333
429, 0, 719, 291, 90, 107.257823333
430, 0, 700, 284, 90, 107.257823333
431, 0, 683, 274, 90, 107.257823333
432, 0, 668, 261, 90, 107.257823333
433, 0, 654, 246, 90, 107.257823333
434, 0, 642, 230, 90, 107.257823333
435, 0, 632, 213, 90, 107.257823333
436, 0, 622, 196, 90, 107.257823333
437, 0, 613, 178, 90, 107.257823333
438, 0, 606, 159, 90, 107.257823333
439, 0, 593, 146, 90, 107.257823333
440, 0, 585, 131, 90, 107.257823333
441, 0, 584, 112, 90, 107.257823333
442, 0, 577, 94, 90, 107.257823333
443, 0, 561, 90, 90, 107.257823333
444, 0, 542, 94, 90, 107.257823333
445, 0, 523, 98, 90, 107.257823333
446, 0, 504, 101, 90, 107.257823333
447, 0, 485, 105, 90, 107.257823333
448, 0, 466, 110, 90, 107.257823333
449, 0, 447, 116, 90, 107.257823333
450, 0, 429, 123, 90, 107.257823333
451, 0, 411, 131, 90, 107.257823333
452, 0, 395, 142, 90, 107.257823333
453, 0, 380, 139, 90, 107.257823333
454, 0, 370, 123, 90, 107.257823333
455, 0, 364, 104, 90, 107.257823333
456, 0, 353, 89, 90, 107.257823333
457, 0, 336, 79, 90, 107.257823333
458, 0, 317, 72, 90, 107.257823333
459, 0, 298, 70, 90, 107.257823333
460, 0, 279, 67, 90, 107.257823333
461, 0, 260, 66, 90, 107.257823333
462, 0, 241, 64, 90, 107.257823333
463, 0, 222, 61, 90, 107.257823333
464, 0, 203, 60, 90, 107.257823333
465, 0, 184, 58, 90, 107.257823333
466, 0, 165, 57, 90, 107.257823333
467, 0, 146, 60, 90, 107.257823333
468, 0, 129, 68, 90, 107.257823333
469, 0, 113, 79, 90, 107.257823333
470, 0, 99, 92, 90, 107.257823333
471, 0, 87, 107, 90, 107.257823333
472, 0, 79, 124, 90, 107.257823333
473, 0, 73, 143, 90, 107.257823333
474, 0, 67, 162, 90, 107.257823333
475, 0, 65, 181, 90, 107.257823333
476, 0, 65, 200, 90, 107.257823333
477, 0, 73, 215, 90, 107.257823333
478, 0, 90, 220, 90, 107.257823333
479, 0, 109, 218, 90, 107.257823333
480, 0, 128, 216, 90, 107.257823333
481, 0, 147, 215, 90, 107.257823333
482, 0, 166, 215, 90, 107.257823333
483, 0, 185, 215, 90, 107.257823333
484, 0, 203, 219, 90, 107.257823333
485, 0, 221, 226, 90, 107.257823333
486, 0, 238, 233, 90, 107.257823333
487, 0, 246, 247, 90, 107.257823333
488, 0, 248, 266, 90, 107.257823333
489, 0, 253, 284, 90, 107.257823333
490, 0, 263, 300, 90, 107.257823333
491, 0, 273, 315, 90, 107.257823333
492, 0, 283, 331, 90, 107.257823333
493, 0, 288, 348, 90, 107.257823333
494, 0, 279, 361, 90, 107.257823333
495, 0, 260, 366, 90, 107.257823333
496, 0, 241, 367, 90, 107.257823333
497, 0, 222, 367, 90, 107.257823333
498, 0, 203, 368, 90, 107.257823333
499, 0, 184, 369, 90, 107.257823333
500, 0, 165, 369, 90, 107.257823333
501, 0, 146, 369, 90, 107.257823333
502, 0, 127, 366, 90, 107.257823333
503, 0, 108, 362, 90, 107.257823333
504, 0, 92, 369, 90, 107.257823333
505, 0, 80, 384, 90, 107.257823333
506, 0, 72, 401, 90, 107.257823333
507, 0, 66, 420, 90, 107.257823333
508, 0, 63, 439, 90, 107.257823333
509, 0, 61, 458, 90, 107.257823333
510, 0, 60, 477, 90, 107.257823333
511, 0, 58, 496, 90, 107.257823333
512, 0, 56, 515, 90, 107.257823333
513, 0, 54, 534, 90, 107.257823333
514, 0, 52, 553, 90, 107.257823333
515, 0, 51, 572, 90, 107.257823333
516, 0, 51, 591, 90, 107.257823333
517, 0, 50, 610, 90, 107.257823333
518, 0, 49, 629, 90, 107.257823333
519, 0, 49, 648, 90, 107.257823333
520, 0, 49, 667, 90, 107.257823333
521, 0, 49, 686, 90, 107.257823333
522, 0, 48, 705, 90, 107.257823333
523, 0, 48, 724, 90, 107.257823333
524, 0, 48, 743, 90, 107.257823333
525, 0, 48, 762, 90, 107.257823333
526, 0, 48, 781, 90, 107.257823333
527, 0, 49, 800, 90, 107.257823333
528, 0, 49, 819, 90, 107.257823333
529, 0, 48, 838, 90, 107.257823333
530, 0, 48, 857, 90, 107.257823333
531, 0, 48, 876, 90, 107.257823333
532, 0, 48, 895, 90, 107.257823333
533, 0, 56, 910, 90, 107.257823333
534, 0, 71, 920, 90, 107.257823333
535, 0, 89, 926, 90, 107.257823333
536, 0, 108, 927, 90, 107.257823333
537, 0, 127, 926, 90, 107.257823333
538, 0, 146, 925, 90, 107.257823333
539, 0, 165, 922, 90, 107.257823333
540, 0, 183, 917, 90, 107.257823333
541, 0, 201, 911, 90, 107.257823333
542, 0, 219, 903, 90, 107.257823333
543, 0, 237, 899, 90, 107.257823333
544, 0, 256, 899, 90, 107.257823333
545, 0, 275, 899, 90, 107.257823333
546, 0, 294, 899, 90, 107.257823333
547, 0, 313, 898, 90, 107.257823333
548, 0, 332, 897, 90, 107.257823333
549, 0, 351, 896, 90, 107.257823333
550, 0, 370, 894, 90, 107.257823333
551, 0, 389, 890, 90, 107.257823333
552, 0, 408, 884, 90, 107.257823333
553, 0, 427, 879, 90, 107.257823333
554, 0, 445, 873, 90, 107.257823333
555, 0, 460, 878, 90, 107.257823333
556, 0, 474, 891, 90, 107.257823333
557, 0, 486, 905, 90, 107.257823333
558, 0, 501, 917, 90, 107.257823333
559, 0, 519, 924, 90, 107.257823333
560, 0, 538, 929, 90, 107.257823333
561, 0, 557, 934, 90, 107.257823333
562, 0, 568, 925, 90, 107.257823333
563, 0, 575, 907, 90, 107.257823333
564, 0, 578, 888, 90, 107.257823333
565, 0, 576, 869, 90, 107.257823333
566, 0, 571, 850, 90, 107.257823333
567, 0, 564, 831, 90, 107.257823333
568, 0, 556, 813, 90, 107.257823333
569, 0, 546, 796, 90, 107.257823333
570, 0, 533, 782, 90, 107.257823333
571, 0, 516, 771, 90, 107.257823333
572, 0, 498, 762, 90, 107.257823333
573, 0, 480, 755, 90, 107.257823333
574, 0, 461, 751, 90, 107.257823333
575, 0, 442, 749, 90, 107.257823333
576, 0, 423, 748, 90, 107.257823333
577, 0, 404, 746, 90, 107.257823333
578, 0, 386, 738, 90, 107.257823333
579, 0, 370, 726, 90, 107.257823333
580, 0, 352, 723, 90, 107.257823333
581, 0, 333, 726, 90, 107.257823333
582, 0, 314, 730, 90, 107.257823333
583, 0, 295, 733, 90, 107.257823333
584, 0, 276, 735, 90, 107.257823333
585, 0, 257, 738, 90, 107.257823333
586, 0, 241, 731, 90, 107.257823333
587, 0, 230, 715, 90, 107.257823333
588, 0, 222, 697, 90, 107.257823333
589, 0, 216, 678, 90, 107.257823333
590, 0, 212, 659, 90, 107.257823333
591, 0, 210, 640, 90, 107.257823333
592, 0, 208, 621, 90, 107.257823333
593, 0, 207, 602, 90, 107.257823333
594, 0, 207, 583, 90, 107.257823333
595, 0, 213, 565, 90, 107.257823333
596, 0, 226, 551, 90, 107.257823333
597, 0, 242, 540, 90, 107.257823333
598, 0, 259, 540, 90, 107.257823333
599, 0, 276, 536, 90, 107.257823333
600, 0, 293, 535, 90, 107.257823333
601, 0, 311, 541, 90, 107.257823333
602, 0, 329, 548, 90, 107.257823333
603, 0, 347, 555, 90, 107.257823333
604, 0, 365, 561, 90, 107.257823333
605, 0, 383, 567, 90, 107.257823333
606, 0, 401, 572, 90, 107.257823333
607, 0, 419, 577, 90, 107.257823333
608, 0, 437, 582, 90, 107.257823333
609, 0, 456, 582, 90, 107.257823333
610, 0, 465, 569, 90, 107.257823333
611, 0, 465, 550, 90, 107.257823333
612, 0, 469, 531, 90, 107.257823333
613, 0, 467, 513, 90, 107.257823333
614, 0, 458, 496, 90, 107.257823333
615, 0, 446, 480, 90, 107.257823333
616, 0, 437, 463, 90, 107.257823333
617, 0, 436, 444, 90, 107.257823333
618, 0, 437, 425, 90, 107.257823333
619, 0, 437, 406, 90, 107.257823333
620, 0, 436, 387, 90, 107.257823333
621, 0, 433, 368, 90, 107.257823333
622, 0, 429, 349, 90, 107.257823333
623, 0, 432, 331, 90, 107.257823333
624, 0, 442, 315, 90, 107.257823333
625, 0, 458, 310, 90, 107.257823333
626, 0, 477, 313, 90, 107.257823333
627, 0, 494, 321, 90, 107.257823333
628, 0, 510, 332, 90, 107.257823333
629, 0, 526, 343, 90, 107.257823333
630, 0, 542, 354, 90, 107.257823333
631, 0, 558, 364, 90, 107.257823333
632, 0, 574, 374, 90, 107.257823333
633, 0, 589, 385, 90, 107.257823333
634, 0, 605, 394, 90, 107.257823333
635, 0, 623, 401, 90, 107.257823333
636, 0, 641, 406, 90, 107.257823333
637, 0, 655, 416, 90, 107.257823333
638, 0, 666, 431, 90, 107.257823333
639, 0, 676, 447, 90, 107.257823333
640, 0, 672, 461, 90, 107.257823333
641, 0, 659, 475, 90, 107.257823333
642, 0, 648, 490, 90, 107.257823333
643, 0, 640, 507, 90, 107.257823333
644, 0, 634, 525, 90, 107.257823333
645, 0, 629, 544, 90, 107.257823333
646, 0, 623, 562, 90, 107.257823333
647, 0, 617, 580, 90, 107.257823333
648, 0, 618, 598, 91, 108.449576926
649, 0, 625, 616, 93, 110.833084111
650, 0, 634, 633, 97, 115.600098482
651, 0, 644, 650, 102, 121.558866445
652, 0, 653, 667, 107, 127.517634408
653, 0, 661, 684, 112, 133.476402371
654, 0, 669, 701, 117, 139.435170334
655, 0, 677, 718, 122, 145.393938296
656, 0, 685, 735, 127, 151.352706259
657, 0, 692, 753, 131, 156.11972063
658, 0, 698, 771, 133, 158.503227815
659, 0, 703, 789, 134, 159.694981408
660, 0, 708, 808, 134, 159.694981408
661, 0, 711, 827, 132, 157.311474222
662, 0, 711, 846, 129, 153.736213445
663, 0, 718, 862, 127, 151.352706259
664, 0, 732, 874, 128, 152.544459852
665, 0, 748, 883, 129, 153.736213445
666, 0, 765, 890, 131, 156.11972063
667, 0, 783, 896, 132, 157.311474222
668, 0, 801, 901, 133, 158.503227815
669, 0, 820, 906, 132, 157.311474222
670, 0, 839, 910, 132, 157.311474222
671, 0, 856, 905, 133, 158.503227815
672, 0, 869, 891, 138, 164.461995778
673, 0, 878, 874, 143, 170.420763741
674, 0, 885, 856, 147, 175.187778111
675, 0, 890, 837, 152, 181.146546074
676, 0, 894, 818, 155, 184.721806852
677, 0, 897, 799, 157, 187.105314037
678, 0, 897, 780, 159, 189.488821222
679, 0, 893, 761, 161, 191.872328408
680, 0, 888, 742, 161, 191.872328408
681, 0, 881, 723, 160, 190.680574815
682, 0, 874, 705, 158, 188.29706763
683, 0, 867, 687, 156, 185.913560445
684, 0, 861, 668, 151, 179.954792482
685, 0, 863, 649, 146, 173.996024519
686, 0, 871, 631, 141, 168.037256556
687, 0, 878, 613, 136, 162.078488593
688, 0, 885, 595, 131, 156.11972063
689, 0, 892, 577, 126, 150.160952667
690, 0, 898, 559, 121, 144.202184704
691, 0, 904, 541, 116, 138.243416741
692, 0, 898, 524, 111, 132.284648778
693, 0, 888, 507, 106, 126.325880815
694, 0, 882, 488, 101, 120.367112852
695, 0, 874, 470, 96, 114.408344889
696, 0, 880, 459, 91, 108.449576926
697, 0, 893, 446, 90, 107.257823333
698, 0, 904, 430, 90, 107.257823333
699, 0, 904, 413, 90, 107.257823333
700, 0, 894, 396, 90, 107.257823333
701, 0, 896, 380, 90, 107.257823333
702, 0, 908, 365, 90, 107.257823333
703, 0, 918, 349, 90, 107.257823333
704, 0, 925, 331, 90, 107.257823333
705, 0, 931, 312, 90, 107.257823333
706, 0, 936, 293, 90, 107.257823333
707, 0, 939, 274, 90, 107.257823333
708, 0, 941, 254, 90, 107.257823333
709, 0, 942, 235, 90, 107.257823333
710, 0, 943, 216, 90, 107.257823333
711, 0, 945, 197, 90, 107.257823333
712, 0, 947, 178, 90, 107.257823333
713, 0, 948, 159, 90, 107.257823333
714, 0, 949, 140, 90, 107.257823333
715, 0, 949, 121, 90, 107.257823333
716, 0, 949, 102, 90, 107.257823333
717, 0, 940, 87, 90, 107.257823333
718, 0, 923, 78, 90, 107.257823333
719, 0, 905, 72, 90, 107.257823333
720, 0, 886, 66, 90, 107.257823333
721, 0, 867, 61, 90, 107.257823333
722, 0, 848, 58, 90, 107.257823333
723, 0, 829, 56, 90, 107.257823333
724, 0, 810, 55, 90, 107.257823333
725, 0, 791, 55, 90, 107.257823333
726, 0, 778, 65, 90, 107.257823333
727, 0, 776, 83, 90, 107.257823333
728, 0, 779, 102, 90, 107.257823333
729, 0, 782, 121, 90, 107.257823333
730, 0, 783, 140, 90, 107.257823333
731, 0, 784, 159, 90, 107.257823333
732, 0, 784, 178, 90, 107.257823333
733, 0, 783, 197, 90, 107.257823333
734, 0, 781, 216, 90, 107.257823333
735, 0, 777, 235, 90, 107.257823333
736, 0, 764, 246, 90, 107.257823333
737, 0, 745, 248, 90, 107.257823333
738, 0, 726, 248, 90, 107.257823333
739, 0, 707, 246, 90, 107.257823333
740, 0, 688, 242, 90, 107.257823333
741, 0, 670, 234, 90, 107.257823333
742, 0, 658, 219, 90, 107.257823333
743, 0, 651, 200, 90, 107.257823333
744, 0, 646, 181, 90, 107.257823333
745, 0, 642, 162, 90, 107.257823333
746, 0, 639, 143, 90, 107.257823333
747, 0, 637, 124, 90, 107.257823333
748, 0, 636, 105, 90, 107.257823333
749, 0, 626, 89, 90, 107.257823333
750, 0, 609, 79, 90, 107.257823333
751, 0, 591, 72, 90, 107.257823333
752, 0, 572, 72, 90, 107.257823333
753, 0, 553, 70, 90, 107.257823333
754, 0, 539, 78, 90, 107.257823333
755, 0, 530, 95, 90, 107.257823333
756, 0, 521, 112, 90, 107.257823333
757, 0, 507, 124, 90, 107.257823333
758, 0, 489, 132, 90, 107.257823333
759, 0, 471, 139, 90, 107.257823333
760, 0, 452, 144, 90, 107.257823333
761, 0, 434, 150, 90, 107.257823333
762, 0, 419, 144, 90, 107.257823333
763, 0, 404, 145, 90, 107.257823333
764, 0, 395, 138, 90, 107.257823333
765, 0, 392, 119, 90, 107.257823333
766, 0, 391, 100, 90, 107.257823333
767, 0, 379, 92, 90, 107.257823333
768, 0, 360, 92, 90, 107.257823333
769, 0, 342, 86, 90, 107.257823333
770, 0, 323, 81, 90, 107.257823333
771, 0, 304, 76, 90, 107.257823333
772, 0, 286, 69, 90, 107.257823333
773, 0, 267, 67, 90, 107.257823333
774, 0, 247, 65, 90, 107.257823333
775, 0, 228, 61, 90, 107.257823333
776, 0, 209, 59, 90, 107.257823333
777, 0, 190, 57, 90, 107.257823333
778, 0, 174, 64, 90, 107.257823333
779, 0, 157, 66, 90, 107.257823333
780, 0, 138, 62, 90, 107.257823333
781, 0, 119, 58, 90, 107.257823333
782, 0, 100, 55, 90, 107.257823333
783, 0, 85, 63, 90, 107.257823333
784, 0, 75, 79, 90, 107.257823333
785, 0, 68, 97, 90, 107.257823333
786, 0, 64, 116, 90, 107.257823333
787, 0, 60, 135, 90, 107.257823333
788, 0, 57, 154, 90, 107.257823333
789, 0, 65, 168, 90, 107.257823333
790, 0, 82, 177, 90, 107.257823333
791, 0, 100, 183, 90, 107.257823333
792, 0, 119, 188, 90, 107.257823333
793, 0, 138, 192, 90, 107.257823333
794, 0, 157, 195, 90, 107.257823333
795, 0, 176, 199, 90, 107.257823333
796, 0, 195, 203, 90, 107.257823333
797, 0, 213, 208, 90, 107.257823333
798, 0, 230, 216, 90, 107.257823333
799, 0, 247, 225, 90, 107.257823333
800, 0, 257, 239, 90, 107.257823333
801, 0, 262, 257, 90, 107.257823333
802, 0, 265, 276, 90, 107.257823333
803, 0, 266, 295, 90, 107.257823333
804, 0, 268, 314, 90, 107.257823333
805, 0, 263, 331, 90, 107.257823333
806, 0, 250, 345, 90, 107.257823333
807, 0, 234, 356, 90, 107.257823333
808, 0, 216, 360, 90, 107.257823333
809, 0, 197, 357, 90, 107.257823333
810, 0, 178, 353, 90, 107.257823333
811, 0, 159, 349, 90, 107.257823333
812, 0, 140, 348, 90, 107.257823333
813, 0, 121, 346, 90, 107.257823333
814, 0, 102, 342, 90, 107.257823333
815, 0, 87, 350, 90, 107.257823333
816, 0, 83, 367, 90, 107.257823333
817, 0, 86, 386, 90, 107.257823333
818, 0, 83, 404, 90, 107.257823333
819, 0, 75, 422, 90, 107.257823333
820, 0, 68, 440, 90, 107.257823333
821, 0, 63, 458, 90, 107.257823333
822, 0, 59, 477, 90, 107.257823333
823, 0, 56, 496, 90, 107.257823333
824, 0, 54, 515, 90, 107.257823333
825, 0, 52, 534, 90, 107.257823333
826, 0, 50, 553, 90, 107.257823333
827, 0, 49, 572, 90, 107.257823333
828, 0, 49, 591, 90, 107.257823333
829, 0, 51, 610, 90, 107.257823333
830, 0, 54, 629, 90, 107.257823333
831, 0, 56, 648, 90, 107.257823333
832, 0, 58, 667, 90, 107.257823333
833, 0, 61, 686, 90, 107.257823333
834, 0, 67, 704, 90, 107.257823333
835, 0, 74, 722, 90, 107.257823333
836, 0, 81, 740, 90, 107.257823333
837, 0, 80, 758, 90, 107.257823333
838, 0, 73, 776, 90, 107.257823333
839, 0, 67, 794, 90, 107.257823333
840, 0, 62, 813, 90, 107.257823333
841, 0, 58, 832, 90, 107.257823333
842, 0, 56, 851, 90, 107.257823333
843, 0, 55, 870, 90, 107.257823333
844, 0, 54, 889, 90, 107.257823333
845, 0, 60, 906, 90, 107.257823333
846, 0, 74, 918, 90, 107.257823333
847, 0, 91, 926, 90, 107.257823333
848, 0, 109, 932, 90, 107.257823333
849, 0, 125, 926, 90, 107.257823333
850, 0, 139, 912, 90, 107.257823333
851, 0, 154, 911, 90, 107.257823333
852, 0, 171, 919, 90, 107.257823333
853, 0, 188, 926, 90, 107.257823333
854, 0, 206, 931, 90, 107.257823333
855, 0, 225, 935, 90, 107.257823333
856, 0, 244, 938, 90, 107.257823333
857, 0, 263, 941, 90, 107.257823333
858, 0, 278, 933, 90, 107.257823333
859, 0, 294, 929, 90, 107.257823333
860, 0, 313, 933, 90, 107.257823333
861, 0, 332, 937, 90, 107.257823333
862, 0, 349, 933, 90, 107.257823333
863, 0, 366, 925, 90, 107.257823333
864, 0, 384, 925, 90, 107.257823333
865, 0, 402, 931, 90, 107.257823333
866, 0, 420, 935, 90, 107.257823333
867, 0, 439, 939, 90, 107.257823333
868, 0, 458, 941, 90, 107.257823333
869, 0, 472, 932, 90, 107.257823333
870, 0, 480, 914, 90, 107.257823333
871, 0, 485, 895, 90, 107.257823333
872, 0, 488, 876, 90, 107.257823333
873, 0, 490, 857, 90, 107.257823333
874, 0, 492, 838, 90, 107.257823333
875, 0, 492, 819, 90, 107.257823333
876, 0, 491, 800, 90, 107.257823333
877, 0, 490, 781, 90, 107.257823333
878, 0, 481, 766, 90, 107.257823333
879, 0, 464, 756, 90, 107.257823333
880, 0, 446, 749, 90, 107.257823333
881, 0, 427, 749, 90, 107.257823333
882, 0, 408, 753, 90, 107.257823333
883, 0, 389, 758, 90, 107.257823333
884, 0, 370, 760, 90, 107.257823333
885, 0, 351, 762, 90, 107.257823333
886, 0, 332, 765, 90, 107.257823333
887, 0, 313, 767, 90, 107.257823333
888, 0, 294, 767, 90, 107.257823333
889, 0, 284, 755, 90, 107.257823333
890, 0, 274, 739, 90, 107.257823333
891, 0, 261, 724, 90, 107.257823333
892, 0, 250, 708, 90, 107.257823333
893, 0, 240, 690, 90, 107.257823333
894, 0, 231, 672, 90, 107.257823333
895, 0, 223, 654, 90, 107.257823333
896, 0, 221, 635, 90, 107.257823333
897, 0, 219, 616, 90, 107.257823333
898, 0, 215, 597, 90, 107.257823333
899, 0, 213, 578, 90, 107.257823333
900, 0, 219, 560, 90, 107.257823333
901, 0, 231, 545, 90, 107.257823333
902, 0, 246, 533, 90, 107.257823333
903, 0, 262, 533, 90, 107.257823333
904, 0, 278, 542, 90, 107.257823333
905, 0, 294, 553, 90, 107.257823333
906, 0, 310, 564, 90, 107.257823333
907, 0, 327, 573, 90, 107.257823333
908, 0, 345, 578, 90, 107.257823333
909, 0, 364, 581, 90, 107.257823333
910, 0, 383, 584, 90, 107.257823333
911, 0, 402, 587, 90, 107.257823333
912, 0, 418, 581, 90, 107.257823333
913, 0, 430, 566, 90, 107.257823333
914, 0, 441, 550, 90, 107.257823333
915, 0, 440, 532, 90, 107.257823333
916, 0, 431, 514, 90, 107.257823333
917, 0, 422, 496, 90, 107.257823333
918, 0, 414, 478, 90, 107.257823333
919, 0, 410, 459, 90, 107.257823333
920, 0, 408, 440, 90, 107.257823333
921, 0, 407, 421, 90, 107.257823333
922, 0, 409, 402, 90, 107.257823333
923, 0, 410, 383, 90, 107.257823333
924, 0, 412, 364, 90, 107.257823333
925, 0, 413, 345, 90, 107.257823333
926, 0, 422, 331, 90, 107.257823333
927, 0, 438, 321, 90, 107.257823333
928, 0, 454, 311, 90, 107.257823333
929, 0, 470, 301, 90, 107.257823333
930, 0, 485, 304, 90, 107.257823333
931, 0, 497, 318, 90, 107.257823333
932, 0, 507, 333, 90, 107.257823333
933, 0, 515, 349, 90, 107.257823333
934, 0, 529, 357, 90, 107.257823333
935, 0, 548, 361, 90, 107.257823333
936, 0, 567, 365, 90, 107.257823333
937, 0, 586, 369, 90, 107.257823333
938, 0, 605, 373, 90, 107.257823333
939, 0, 624, 377, 90, 107.257823333
940, 0, 643, 380, 90, 107.257823333
941, 0, 662, 382, 90, 107.257823333
942, 0, 681, 384, 90, 107.257823333
943, 0, 690, 396, 90, 107.257823333
944, 0, 693, 415, 90, 107.257823333
945, 0, 693, 434, 90, 107.257823333
946, 0, 684, 449, 90, 107.257823333
947, 0, 668, 459, 90, 107.257823333
948, 0, 650, 467, 90, 107.257823333
949, 0, 634, 478, 90, 107.257823333
950, 0, 623, 493, 90, 107.257823333
951, 0, 615, 510, 90, 107.257823333
952, 0, 607, 528, 90, 107.257823333
953, 0, 599, 546, 90, 107.257823333
954, 0, 590, 563, 90, 107.257823333
955, 0, 582, 580, 90, 107.257823333
956, 0, 582, 598, 90, 107.257823333
957, 0, 589, 615, 90, 107.257823333
958, 0, 596, 632, 91, 108.449576926
959, 0, 602, 650, 92, 109.641330519
960, 0, 609, 668, 95, 113.216591296
961, 0, 615, 686, 98, 116.791852074
962, 0, 619, 704, 101, 120.367112852
963, 0, 623, 723, 104, 123.94237363
964, 0, 626, 742, 106, 126.325880815
965, 0, 628, 761, 106, 126.325880815
966, 0, 629, 780, 106, 126.325880815
967, 0, 629, 799, 105, 125.134127222
968, 0, 630, 818, 104, 123.94237363
969, 0, 630, 837, 102, 121.558866445
970, 0, 630, 856, 100, 119.175359259
971, 0, 629, 875, 97, 115.600098482
972, 0, 625, 894, 93, 110.833084111
973, 0, 632, 907, 93, 110.833084111
974, 0, 648, 915, 95, 113.216591296
975, 0, 665, 922, 97, 115.600098482
976, 0, 683, 927, 100, 119.175359259
977, 0, 702, 931, 104, 123.94237363
978, 0, 721, 933, 107, 127.517634408
979, 0, 740, 935, 111, 132.284648778
980, 0, 759, 936, 114, 135.859909556
981, 0, 778, 936, 117, 139.435170334
982, 0, 797, 935, 120, 143.010431111
983, 0, 816, 934, 122, 145.393938296
984, 0, 835, 934, 122, 145.393938296
985, 0, 854, 935, 122, 145.393938296
986, 0, 870, 927, 124, 147.777445482
987, 0, 882, 912, 129, 153.736213445
988, 0, 890, 894, 134, 159.694981408
989, 0, 886, 876, 139, 165.653749371
990, 0, 876, 859, 144, 171.612517334
991, 0, 867, 841, 149, 177.571285297
992, 0, 860, 823, 154, 183.53005326
993, 0, 854, 804, 159, 189.488821222
994, 0, 849, 785, 163, 194.255835593
995, 0, 843, 766, 164, 195.447589185
996, 0, 837, 747, 164, 195.447589185
997, 0, 831, 728, 163, 194.255835593
998, 0, 825, 709, 160, 190.680574815
999, 0, 825, 690, 156, 185.913560445
